ID;SEG_ID;PATH_VERSION_ID;LENGTH;PTSG_ORDER
1625435;9730;1615370;2520;3
1623201;806715;1613686;2970;1
1623202;9345;1613686;3150;2
1623203;9346;1613689;2940;1
1623204;806716;1613689;2820;2
1623205;9346;1613688;2940;1
1623206;806716;1613688;2820;2
1623207;8001;1613688;750;3
1623208;806717;1613688;5240;4
1623209;806714;1613687;5760;1
1623210;12605;1613687;1540;2
1621642;806054;1612887;4100;1
1621573;805975;1612809;3500;1
1625436;8366;1615371;2660;1
1625437;8367;1615371;2460;2
1625438;806794;1615371;3140;3
1623211;806715;1613687;2970;3
1623212;9345;1613687;3150;4
1621571;805974;1612808;3500;1
1621941;7305;1613088;2640;1
1621942;400481;1613088;2530;2
1621943;400485;1613088;2490;3
1617353;7851;172592;3720;1
1617355;7853;172592;3390;2
1617357;13226;179922;1840;1
1621944;400487;1613089;2570;1
1621945;400483;1613089;2430;2
1621946;7306;1613089;2910;3
1621947;806274;1613126;10000;1
1621948;806275;1613127;10000;1
1617359;7867;179922;2260;2
1622157;806318;1613190;5000;1
1617297;8116;172460;2080;1
1617299;8114;172460;2920;2
1617301;8112;172460;4100;3
1617303;8110;172460;4810;4
1617305;8108;172460;2080;5
1617307;8107;172459;1610;1
1617309;8109;172459;5030;2
1617311;8111;172459;4420;3
1617313;8113;172459;2890;4
1617315;8115;172459;1980;5
1617317;8116;175571;2080;1
2188;11768;179962;3560;1
2189;11766;179962;3800;2
2190;8090;179962;2290;3
2191;9828;179962;2070;4
2192;13253;179962;2660;5
1617319;10446;175571;7630;2
1617321;8110;175571;4810;3
1617323;8337;175571;1710;4
1617325;10425;175570;1980;1
1617327;10427;175570;4660;2
1617329;10445;175570;7310;3
1617331;10433;175570;1980;4
1617361;7869;179922;1500;3
1617381;8165;175730;1300;1
1617383;8166;175730;4850;2
1617385;8351;175730;1530;3
1617387;8353;175730;2800;4
1617389;8355;175730;770;5
1617363;7871;179922;3720;4
1617365;7873;179922;2870;5
1617367;7874;179923;2820;1
1617369;7872;179923;3540;2
1617371;7870;179923;1520;3
1617373;7868;179923;2140;4
1617375;13225;179923;2800;5
1617377;7871;172594;3720;1
1617379;7873;172594;2870;2
1617391;9945;175730;2940;6
1617393;8351;175732;1530;1
1617395;8353;175732;2800;2
1617397;8355;175732;770;3
1617399;9945;175732;2940;4
1617401;8356;175731;2590;1
1617403;8127;175731;1070;2
1617405;8354;175731;2920;3
1617407;8348;175731;1410;4
1617409;8349;175731;4540;5
1617411;13256;175731;2220;6
1617421;8177;172493;3240;1
1617423;8175;172493;3570;2
1617425;8173;172493;3330;3
1617427;8171;172493;2300;4
1617429;8346;175773;2910;1
1617431;8347;175773;3930;2
1617433;8346;175771;2910;1
1617435;8347;175771;3930;2
1617437;10588;175771;1900;3
1617439;10586;175771;1610;4
1617441;8201;172498;1540;1
1617443;8183;172498;2550;2
1617445;8181;172498;2760;3
1617447;8179;172498;1620;4
1617449;8178;172497;1730;1
1617451;8180;172497;2610;2
1617453;8182;172497;2610;3
401961;11807;401681;540;1
1617455;8200;172497;1710;4
1617457;7323;401603;1210;1
1617459;400921;401603;3000;2
1617461;400925;401603;2430;3
1617463;400929;401603;3520;4
1617465;7331;401603;2610;5
1617467;7332;401605;2550;1
1617469;400931;401605;3560;2
1617471;400947;401605;2220;3
1617473;400923;401605;4000;4
1617475;7392;401605;1390;5
401963;11808;401681;670;2
401965;11809;401681;800;3
401967;11810;401681;570;4
1617497;8202;172499;2360;1
1617499;8204;172499;3570;2
1617501;8206;172499;1470;3
1617503;8208;172499;1770;4
1617505;8210;172499;1890;5
1617507;8474;172499;3580;6
402213;400965;401441;2260;2
402215;400969;401441;1500;3
402217;7451;401441;4680;4
402201;7454;401443;4520;1
402203;7452;401443;4400;2
402219;7453;401441;3680;5
402205;400971;401443;1520;3
402207;5162;401443;2140;4
402209;7392;401443;1390;5
402211;400961;401441;1240;1
1617521;8212;172501;1400;1
1617523;8214;172501;5240;2
1617525;8216;172501;2870;3
1617527;8218;172501;1630;4
1617529;8216;172614;2870;1
1617531;8218;172614;1630;2
1617533;8219;172502;1420;1
1617535;8217;172502;2910;2
1617537;8215;172502;4950;3
1617539;8213;172502;1060;4
1625635;808140;1615552;5300;1
1616187;7910;402403;5720;1
1616189;7909;402401;5810;1
403283;7903;402405;3340;1
403285;7905;402405;2650;2
403287;7907;402405;5070;3
403289;7909;402405;5810;4
1616125;9445;174170;2590;1
1616127;7927;174170;1910;2
1616129;7929;174170;2490;3
1616131;7931;174170;2620;4
1616165;7342;401367;6320;1
1616167;400927;401367;3250;2
1616169;400943;401367;1540;3
1616171;400939;401367;2000;4
1616173;400935;401367;2560;5
1616175;400933;401365;2890;1
1616177;400937;401365;2600;2
1616179;400941;401365;2000;3
1616181;400945;401365;3100;4
1616183;7339;401365;7110;5
1616185;11768;401043;3560;1
1623789;807122;1614268;13200;1
1623790;807123;1614269;13500;1
401301;400721;401205;2000;1
401303;7389;401205;4320;2
401305;400729;401205;2010;3
401307;400733;401205;3120;4
401309;400735;401207;2000;1
401311;400731;401207;2000;2
401313;6854;401207;4360;3
401315;400723;401207;5010;4
1623961;7323;1614426;1210;1
401329;7365;401213;2100;1
401331;7367;401213;3420;2
401333;7369;401213;2950;3
401335;400741;401213;2900;4
1623962;400921;1614426;3750;2
1623963;400925;1614426;2430;3
1623964;400947;1614427;2220;1
1620216;7930;1611263;2570;1
1620217;7928;1611263;1820;2
1620218;7927;1611261;1910;1
1620219;7929;1611261;2490;2
1623965;8010;1614427;3960;2
1623966;7392;1614427;1390;3
1620501;8219;172615;1420;1
1620223;7910;402483;5720;1
1620224;7908;402483;4900;2
1620225;401921;402483;2440;3
1620226;7904;402483;3150;4
1620227;7902;402483;3280;5
1620238;10065;1611604;8000;1
1620239;6805;1611766;5000;1
1620231;805414;1612064;4450;1
1619536;8474;1611544;3580;1
1620232;8376;1612064;2510;2
1620233;8378;1612064;900;3
1620243;13301;180025;1;1
1620244;805252;1611904;6000;1
1620245;400565;400845;4000;1
1620246;13265;179974;5000;1
1620247;804972;1611624;20800;1
1620248;13224;179921;6000;1
1620502;8217;172615;2910;2
1621881;400721;1613086;5070;1
1621882;7389;1613086;4320;2
1621883;6854;1613087;4360;1
1621884;400723;1613087;5010;2
1621889;400961;1613090;1240;1
1621890;400965;1613090;2260;2
1621891;400969;1613090;1500;3
1621892;7451;1613090;4680;4
1621893;7452;1613091;4400;1
1621894;7850;1613091;1520;2
1621895;5162;1613091;2140;3
1621896;7392;1613091;1390;4
1621897;7323;1613092;1210;1
1621898;400921;1613092;3750;2
1621899;400925;1613092;2430;3
1621900;400947;1613093;2220;1
1621901;8010;1613093;3960;2
402549;8145;401401;1580;1
402551;8146;401401;2990;2
402553;8147;401401;3330;3
402555;11565;401401;1460;4
402557;11566;401401;1040;5
402559;8150;401401;1470;6
402561;8151;401401;2560;7
402563;12445;401401;800;8
1621902;7392;1613093;1390;3
1621905;7373;1613096;3180;1
1621906;400805;1613096;3410;2
1621907;400807;1613097;2930;1
1621908;806035;1613097;3390;2
2142;13252;179959;2280;1
2143;9827;179959;1860;2
2144;8089;179959;2490;3
2145;11765;179959;3470;4
2150;11766;179960;3800;1
2151;8090;179960;2290;2
2152;9828;179960;2070;3
2153;13253;179960;2660;4
2173;13252;179961;2280;1
2174;9827;179961;1860;2
2175;8089;179961;2490;3
2176;11765;179961;3470;4
2177;11767;179961;3560;5
1618845;12345;178370;5000;1
1621161;805694;1612466;9500;1
1621162;805695;1612467;9500;1
1621163;805696;1612468;7500;1
1621164;805697;1612469;7500;1
1621381;10767;1612646;2100;1
1621382;8376;1612646;2510;2
1621383;8378;1612646;900;3
1618883;12765;179170;10000;1
1618885;12766;179171;10000;1
1621384;8379;1612647;730;1
1621385;7376;1612647;3270;2
1620120;8036;1612085;2960;1
1620121;4;1612085;3010;2
1620122;2309;1612085;680;3
1620123;805433;1612085;2170;4
1621386;10768;1612647;2580;3
1621661;806075;1612906;2000;1
1621662;8015;1612906;1330;2
1621663;8017;1612906;930;3
1618919;1578;1611061;4650;1
1618921;1580;1611061;4680;2
1618923;1592;1611061;8290;3
1618925;1578;1611021;4650;1
1618927;1580;1611021;4680;2
1618929;1581;1611021;6470;3
1618937;1583;1611023;6080;1
1618939;1585;1611023;4400;2
1618941;1586;1611023;4560;3
1621664;8019;1612906;1490;4
1621669;8020;1612907;1530;1
1621670;8018;1612907;1190;2
1621671;8016;1612907;1560;3
1621672;806074;1612907;2000;4
1618961;8533;178490;930;1
1618963;8023;178490;1930;2
1618965;8025;178490;1110;3
1618967;8027;178490;2610;4
1618969;2680;178491;3140;1
1618971;8026;178491;1240;2
1618973;4286;178491;2070;3
1618975;13257;178491;790;4
1621911;806236;1613100;10000;1
1619035;11245;176650;950;1
1619037;7847;176650;2260;2
1619039;7849;176650;1500;3
1619041;7851;176650;3720;4
1619043;7853;176650;3390;5
1619045;7854;176651;2710;1
1619047;7852;176651;3570;2
1619049;7850;176651;1520;3
1619051;7848;176651;2140;4
1619053;11246;176651;840;5
1619055;1578;32715;4650;1
1619057;1580;32715;4680;2
1619059;1592;32715;8290;3
1619061;1578;32717;4650;1
1619063;1580;32717;4680;2
1619065;1581;32717;6470;3
1619067;1594;32716;8300;1
1619069;1585;32716;4400;2
1619071;1586;32716;4560;3
1619073;1583;32718;6080;1
1619075;1585;32718;4400;2
1619077;1586;32718;4560;3
1614635;13298;180022;2000;1
1614637;11625;180022;2480;2
1614639;7931;180022;2620;3
1614641;11428;180023;2350;1
1614643;11626;180023;2470;2
1614645;13299;180023;2000;3
1614647;11428;177231;2350;1
1614649;11626;177231;2470;2
1614651;7996;177231;2540;3
1614653;7994;177231;2470;4
1614655;7993;177230;3310;1
1614657;7995;177230;2070;2
1614659;11625;177230;2480;3
1614661;11427;177230;2620;4
1619091;2523;173508;50;1
1619099;4542;155490;3650;1
1624915;9530;1614891;2980;1
1614485;9445;400241;2590;1
1614487;7927;400241;1910;2
1614489;7929;400241;2490;3
1614491;7930;400243;2570;1
1620258;7725;172168;5000;1
1614493;7928;400243;1820;2
1614495;9446;400243;3470;3
1614529;7932;178191;2350;1
1614531;7930;178191;2570;2
1614533;7928;178191;1820;3
1614535;11345;178390;2000;1
1620259;7726;172168;5000;2
1624916;13253;1614891;2660;2
1614513;7932;174171;2350;1
1614515;7930;174171;2570;2
1614517;7928;174171;1820;3
1614519;9446;174171;3470;4
1614521;7932;178391;2350;1
1614523;7930;178391;2570;2
1614525;7928;178391;1820;3
1614527;11346;178391;2000;4
1614537;7927;178390;1910;2
1614539;7929;178390;2490;3
1614541;7931;178390;2620;4
1620336;10625;175810;7900;1
1625033;7312;1613147;2860;1
1625017;806235;1613098;8000;1
1624956;9530;1615030;2980;1
1624957;13251;1615030;2660;2
1625015;10786;176011;10200;1
1622640;8036;1612487;2960;1
1622641;4;1612487;3010;2
1625016;806234;1613099;7300;1
1621601;806014;1612846;10000;1
1621602;806015;1612847;10000;1
1622642;805715;1612487;3000;3
1614569;8036;176274;2960;1
1614571;4;176274;3010;2
1625018;807818;1615090;7800;1
1625019;807819;1615091;7100;1
1625034;7790;1613147;1640;2
1625035;7788;1613147;1920;3
1625036;805293;1613147;3040;4
1625353;807998;1615290;4900;1
1625133;8666;1615210;1710;1
1625134;8645;1615210;3180;2
1625135;5668;1615211;2960;1
1625136;8665;1615211;1470;2
1622626;8106;1613347;3000;1
1622627;806457;1613347;3100;2
1622628;806455;1613347;6200;3
1614877;8407;177890;1210;1
1614879;11985;177890;2060;2
1614881;11986;177890;2390;3
1614883;8413;177890;3210;4
1614885;8414;172678;3460;1
1614887;8412;172678;2330;2
1614889;8410;172678;2000;3
1614891;8408;172678;1210;4
1622685;13217;1612005;6230;1
1622686;13215;1612005;1260;2
1622629;806580;1613347;3000;4
1622630;9846;1613347;2700;5
1622631;805432;1612084;2980;1
1622687;805333;1612005;3220;3
1622688;13217;400763;6230;1
1622689;13215;400763;1260;2
1622690;805332;1612004;3720;1
1622691;13214;1612004;1500;2
1622632;8031;1612084;750;2
1622633;8033;1612084;3040;3
1622634;8035;1612084;2940;4
1622635;8033;176273;3040;1
1622636;8035;176273;2940;2
1622637;805714;1612486;3000;1
1622638;8033;1612486;3040;2
1620302;401293;1611584;2020;1
1620303;401291;1611584;890;2
1620304;401287;1611584;650;3
1620305;7927;178190;1910;1
1620306;7929;178190;2490;2
1620307;7931;178190;2620;3
1622639;8035;1612486;2940;3
1621874;806216;1613069;5000;1
1621875;806217;1613070;5000;1
1623661;10585;1614166;1850;1
1623321;400527;1613808;4350;1
1622681;806315;1613187;2140;1
1615089;7898;179798;2360;1
1615091;7899;179798;2650;2
1615093;7900;179798;3020;3
1615095;7897;179798;1840;4
1622682;8269;1613187;1910;2
1622683;9505;1613187;4480;3
1622692;13216;1612004;6180;3
1622693;13215;1612006;1260;1
1622694;805333;1612006;3220;2
1622695;13214;400761;1500;1
1622696;13216;400761;6180;2
1622705;9729;179670;2570;1
1622706;9730;179670;2520;2
1622707;8279;179670;1460;3
1622708;9729;179653;2570;1
1622709;9730;179653;2520;2
1622710;8279;179653;1460;3
1622711;8273;179653;3180;4
1622712;8274;179653;1530;5
1622713;8275;179653;380;6
1622781;806454;1613526;6700;1
1622782;806456;1613526;3900;2
1622783;8105;1613526;2900;3
1622784;8106;1613527;3000;1
1622785;806457;1613527;3100;2
1622786;806455;1613527;6200;3
1622921;806654;1613606;5800;1
1622941;806674;1613626;3070;1
1622942;806675;1613626;1760;2
1622943;7898;1613627;2360;1
1622944;7899;1613627;2650;2
1622945;806674;1613627;3070;3
1622946;806675;1613627;1760;4
1622961;9847;1613646;3500;1
1622962;806454;1613646;6700;2
1622963;806455;1613647;6200;1
1622964;12408;1613647;2900;2
1623081;13252;1613766;2280;1
1623082;9827;1613766;1860;2
1623083;8089;1613766;2490;3
1623084;525;1613767;2290;1
1623085;9828;1613767;2070;2
1623086;13253;1613767;2660;3
1623101;400737;1613786;4140;1
1623102;7319;1613786;2490;2
1623103;525;1613787;2290;1
1623104;400739;1613787;4730;2
1623105;806754;1613788;6000;1
1623662;8180;1614166;2610;2
1623663;8182;1614166;2610;3
1623664;807014;1614166;1000;4
1623665;807015;1614167;1000;1
1624782;807735;1614927;5700;1
1624881;7993;1615006;3310;1
1624882;7995;1615006;2070;2
1624883;11625;1615006;2480;3
1623322;400523;1613808;2470;2
1623323;11886;1613808;2020;3
1623324;806777;1613808;4360;4
1623325;806775;1613808;5130;5
1623666;8183;1614167;2550;2
1623667;8181;1614167;2760;3
1623668;10586;1614167;1610;4
1623669;807016;1614168;5000;1
1623670;807017;1614169;5000;1
1623729;806458;1614228;5300;1
1623730;807082;1614228;6000;2
1623731;806461;1614228;3500;3
1623732;12405;1614229;2400;1
1623733;12407;1614229;3500;2
1623734;806458;1614229;5300;3
1623735;807082;1614229;6000;4
1623736;806461;1614229;3500;5
1623737;806460;1614230;6580;1
1623738;807083;1614230;5400;2
1623739;806459;1614230;4090;3
1623740;12408;1614230;2900;4
1622983;806694;1613668;5000;1
1623601;806954;1614106;5300;1
1623741;12128;1614230;2320;5
1624781;807734;1614926;4900;1
1624884;11427;1615006;2620;4
1624885;807794;1615006;1000;5
1624886;807775;1615007;1000;1
1624887;7932;1615007;2350;2
1624888;11626;1615007;2470;3
1624889;8050;1615007;2060;4
1624890;7994;1615007;2470;5
1623181;7898;1613846;2360;1
1623182;7899;1613846;2650;2
1623183;806674;1613846;3070;3
1623184;805855;1613866;8000;1
1625515;139;173648;5500;1
1625516;10;173649;6000;1
1623981;807274;1614446;5500;1
1623982;7851;1614446;3720;2
1623983;7853;1614446;3390;3
1623984;7854;1614447;2710;1
1623985;7852;1614447;3570;2
1623986;807275;1614447;5500;3
1623987;807276;1614448;5500;1
1623988;7851;1614448;3720;2
1623989;7873;1614448;2870;3
1624201;7305;1614566;2640;1
1624202;400481;1614566;2530;2
1624203;400485;1614566;2490;3
1624001;11245;1614466;950;1
1624002;807294;1614466;2000;2
1624003;807274;1614466;5500;3
1624004;7851;1614466;3720;4
1623381;12407;1613906;3500;1
1623382;806458;1613906;5300;2
1619776;805132;1611784;1500;1
1619777;7787;1611784;1880;2
1619778;7789;1611784;1710;3
1619779;7791;1611784;2680;4
1619780;7793;1611784;2520;5
1619781;9266;1611785;2890;1
1619782;7312;1611785;2860;2
1619783;7790;1611785;1640;3
1619784;7788;1611785;1920;4
1619785;805133;1611785;1500;5
1624491;8379;1612065;730;1
1624492;7376;1612065;3270;2
1624493;805415;1612065;4450;3
1625049;805292;1613146;2510;1
1625050;7787;1613146;1880;2
1625051;7789;1613146;1710;3
1624494;8376;1611381;2510;1
1624495;8378;1611381;900;2
1625052;7791;1613146;2680;4
1625491;8052;1615432;3200;1
1620066;8469;1612026;1040;1
1620067;805353;1612026;3100;2
1623383;806214;1613906;4800;3
1625533;807775;1615450;1000;1
1623384;806460;1613906;6580;4
1623385;806461;1613907;3500;1
1623386;806215;1613907;3800;2
1623387;806459;1613907;4090;3
1623388;12408;1613907;2900;4
1623681;8351;1614186;1530;1
1620809;805496;1612148;1000;1
1620810;805474;1612148;3920;2
1623682;8353;1614186;2800;2
1623683;807034;1614186;3350;3
1623684;8165;1614187;1300;1
1623685;8166;1614187;4850;2
1623686;8351;1614187;1530;3
1623687;8353;1614187;2800;4
1623688;807034;1614187;3350;5
1623689;807035;1614188;3580;1
1623690;8354;1614188;2920;2
1623691;831;1614188;1700;3
1621922;806254;1613106;10000;1
1625492;8050;1615432;2060;2
1618093;13085;179690;4000;1
1618089;12748;179155;9300;1
1618091;8246;172516;8000;1
1618095;12666;179031;12000;1
1625493;807555;1615432;2560;3
1618099;9005;173548;5400;1
1618101;2346;114861;3200;1
1618103;1661;34817;4300;1
1618105;9668;174417;2000;1
1619285;11226;1611301;8000;1
1621221;11345;1612506;2000;1
1618111;5945;176971;10300;1
1618113;8321;172576;2600;1
1621961;11066;176411;8500;1
1618117;6966;171449;10000;1
1618119;5786;169769;9400;1
1618121;803847;1610023;20000;1
1618123;9966;174873;3000;1
1625534;7932;1615450;2350;2
1618127;11826;177491;2000;1
1618129;10886;176211;10000;1
1625535;7930;1615450;2570;3
1621222;8188;1612506;1890;2
1618169;7585;176133;5000;1
1621223;7929;1612506;2490;3
1621224;7930;1612507;2570;1
1621225;7928;1612507;1820;2
1619696;805052;1611704;6000;1
1621226;11346;1612507;2000;3
1625536;7928;1615450;1820;4
1625537;11346;1615450;2000;5
1615145;8020;173511;1530;1
1615147;8262;173511;1050;2
1615149;8263;173511;1570;3
1615151;8019;175170;1490;1
1615161;8264;173510;1530;1
1615163;8017;173510;930;2
1615165;8019;173510;1490;3
1615195;400737;401209;4140;1
1615197;7319;401209;2490;2
1615199;7321;401209;3700;3
1615201;11766;401211;3800;1
1615203;525;401211;2290;2
1615205;400739;401211;4730;3
1625217;806994;1614146;2500;1
1625218;806995;1614146;2500;2
1615295;8155;176092;1500;1
1615297;8156;176092;4350;2
1615299;8157;176092;1570;3
1615301;8158;176092;1050;4
1615311;8466;176093;910;1
1615313;8467;176093;1870;2
1615315;8468;176093;4780;3
1615317;8469;176093;1040;4
1625219;807919;1615171;2200;1
1625220;807938;1615190;6000;1
1621621;806034;1612866;3680;1
1621622;8376;1612866;2510;2
1621623;8378;1612866;900;3
1620638;8306;172555;3400;1
1619936;804005;1610181;15400;1
1620639;12786;179191;10200;1
1620640;5262;172712;12700;1
1620641;8305;172554;3100;1
1620642;12785;179190;10800;1
1620643;5263;171348;13000;1
1620644;13156;179773;12900;1
1620645;12725;179110;3500;1
1620646;13155;179772;14700;1
1620881;805554;1612246;8000;1
1621624;8379;1612867;730;1
1621625;7376;1612867;3270;2
1621626;806035;1612867;3390;3
1621627;806034;1612868;3680;1
1621628;9985;1612868;1830;2
1621629;9986;1612868;990;3
1621630;8464;1612868;2090;4
1621631;8465;1612869;2070;1
1621632;9989;1612869;870;2
1621633;9990;1612869;1190;3
1621634;806035;1612869;3390;4
1621641;13252;1612886;2280;1
1622181;806334;1613226;8000;1
1622183;806335;1613227;8000;1
1623692;8349;1614188;4540;4
1623693;8333;1614188;2200;5
1623941;7323;1614406;1210;1
1623942;400921;1614406;3750;2
1623943;400925;1614406;2430;3
1623944;807254;1614406;500;4
1623945;807255;1614407;500;1
1623946;400947;1614407;2220;2
1625221;805954;1612786;5000;1
1623947;8010;1614407;3960;3
1623948;7392;1614407;1390;4
1623949;807256;1614408;10000;1
1625222;805955;1612786;5000;2
1619325;7305;1611341;2640;1
1619327;400481;1611341;2530;2
1619329;400485;1611341;2490;3
1619331;400489;1611341;2500;4
1619333;7932;1611343;2350;1
1619335;7930;1611343;2570;2
1625223;805954;1614147;5000;1
1625224;806974;1614126;5000;1
1625225;807474;1614706;1500;1
1617733;400801;401281;5080;1
1617735;7373;401281;3180;2
1617737;400805;401281;3410;3
1624221;401293;1614586;2020;1
1625226;807475;1614707;1200;1
1625227;807918;1615170;2500;1
1625228;807939;1615191;6000;1
1625229;805955;1614148;5000;1
1625538;11345;1615451;2000;1
1625539;8188;1615451;1890;2
1625540;7929;1615451;2490;3
1625541;400489;1615451;2500;4
1617759;401293;401923;2020;1
1617761;401291;401923;890;2
1619337;400483;1611343;2430;3
1619339;7306;1611343;2910;4
1625542;807794;1615451;1000;5
1625548;807522;1615453;2990;1
1625549;7431;1615453;3280;2
1625550;7432;1615454;3250;1
1625551;807523;1615454;2550;2
1625553;808058;1615470;8000;1
1625554;808059;1615471;8200;1
1625555;808060;1615472;4100;1
1620614;13154;400931;3430;1
1621361;805834;1612626;4500;1
1620081;805372;1612045;500;1
1616619;8425;172692;2340;1
1616621;8427;172692;3720;2
1616623;8429;172692;2760;3
1616625;8431;172692;1370;4
1616627;8433;172692;3750;5
1616629;8434;172693;3850;1
1616631;8432;172693;1160;2
1616633;8430;172693;3350;3
1616635;8428;172693;3230;4
1616637;8426;172693;2740;5
1616639;8429;172694;2760;1
1616641;8431;172694;1370;2
1616643;8433;172694;3750;3
1620082;8013;1612045;1570;2
1620083;8015;1612045;1330;3
1620084;8017;1612045;930;4
1620085;8019;1612045;1490;5
1620086;8020;1612046;1530;1
1620087;8018;1612046;1190;2
1620088;8016;1612046;1560;3
1620089;805392;1612046;1340;4
1621362;805835;1612627;4500;1
1616645;8436;172698;2590;1
1616647;8438;172698;3710;2
400723;400203;400723;10000;1
400721;400201;400721;10000;1
1616649;8440;172698;3840;3
1622271;806396;1613288;5000;1
1617763;401287;401923;650;3
1617765;401283;401923;1030;4
1617767;401289;401961;970;1
1617769;8806;401961;1080;2
1616651;8442;172698;1760;4
1616653;8443;172699;1080;1
1616655;8441;172699;3970;2
1616657;8439;172699;3680;3
1616659;8437;172699;2810;4
1620628;12665;179030;2700;1
1616683;8055;178830;3140;1
1616685;8058;178830;2140;2
1616687;12545;178830;3950;3
1623445;8475;1613967;3300;1
1623446;806095;1613967;3650;2
1616689;12547;178830;2740;4
1616691;12549;178830;2170;5
1616703;12406;178590;3050;1
1623447;8207;1613967;1200;3
1623448;806875;1613967;3000;4
1616713;12405;178591;2400;1
1625636;808141;1615553;10000;1
1617821;10966;178212;500;1
1617823;8009;178212;4170;2
1616269;1580;1611025;4680;1
1616271;1581;1611025;6470;2
1625413;808019;1615350;3000;1
1620821;805475;1612206;3870;1
1617697;10585;175770;1850;1
1617699;10587;175770;2120;2
1617701;8168;175770;2940;3
1617703;8169;175770;3230;4
1625414;808021;1615350;2450;2
1625417;808025;1615352;3000;1
1625418;808023;1615352;3080;2
1617825;8011;178212;1190;3
1617827;9545;174250;1820;1
1617829;8009;174250;4170;2
1617831;8011;174250;1190;3
1617833;8107;178213;1610;1
1617835;8010;178213;3960;2
1617837;10965;178213;500;3
1617839;8107;174251;1610;1
1617841;8010;174251;3960;2
1617843;9546;174251;2340;3
1617845;7945;172388;2490;1
1617847;7947;172388;1820;2
1617849;7949;172388;3440;3
1617851;7950;172389;2830;1
1617853;7948;172389;1460;2
1617855;7946;172389;3290;3
1625421;808022;1615354;2450;1
1616045;804693;1610981;3460;1
1621261;805774;1612546;6100;1
1625422;808020;1615354;3000;2
1625425;808024;1615356;3080;1
1625426;808026;1615356;3000;2
1616047;804811;1610981;1160;2
1616049;804807;1610981;3350;3
1616051;804805;1610981;3840;4
1616053;804809;1610981;800;5
1616055;804691;1610981;3060;6
1616277;1583;1611029;6080;1
1616279;1585;1611029;4400;2
1616845;8089;177416;2490;1
1616847;11765;177416;3470;2
1616849;11767;177416;3560;3
1616851;8089;177414;2490;1
1616853;11765;177414;3470;2
1616871;13252;176832;2280;1
1616873;9827;176832;1860;2
1616875;11349;176832;2000;3
1616877;11768;177417;3560;1
1616879;11766;177417;3800;2
1616881;525;177417;2290;3
1616883;11766;177415;3800;1
1616885;525;177415;2290;2
1616887;8946;176833;2000;1
1616889;9828;176833;2070;2
1616891;13253;176833;2660;3
1616919;9846;174776;2700;1
1616931;9845;174777;2400;1
1622281;806414;1613306;5000;1
1622282;806416;1613306;3000;2
1621483;805916;1612727;5000;1
1622283;806418;1613306;2000;3
1622284;806420;1613306;5000;4
1622285;806421;1613307;5000;1
1622286;806419;1613307;2000;2
1622287;806417;1613307;3000;3
1622288;806415;1613307;5000;4
1622289;806422;1613308;6000;1
1622290;806423;1613309;6000;1
1616983;9646;178350;3600;1
1616985;8404;178350;6110;2
1616987;8400;178350;2300;3
1615935;9366;174050;2070;1
1615937;8051;174050;3070;2
1615939;8625;174050;2520;3
1615957;8626;172971;2890;1
1615959;8052;172971;3200;2
1615961;7996;172971;2540;3
1615963;8048;172971;1660;4
1615965;2640;172971;910;5
1616989;12325;178350;4220;4
1616991;12326;178350;4320;5
1616993;12009;177912;3920;1
1616995;8397;177912;4600;2
1616997;8401;177912;2420;3
1616999;8403;177912;5970;4
1617001;9645;177912;3400;5
1617003;9706;176614;3050;1
1617005;11208;176614;1930;2
1617007;8453;176614;3720;3
1617009;8451;176614;3320;4
1617011;8449;176614;3950;5
1617013;1426;176614;2540;6
1617015;8446;176613;2410;1
1617017;8448;176613;4000;2
1617019;8450;176613;3830;3
1617021;8452;176613;3490;4
1617023;11207;176613;1930;5
1617025;9705;176613;2860;6
1617027;8451;178010;3320;1
1617029;8449;178010;3950;2
1617031;1426;178010;2540;3
1617033;8397;174390;4600;1
1617035;8401;174390;2420;2
1617037;8403;174390;5970;3
1617039;9645;174390;3400;4
1617059;7881;172583;1980;1
1617061;7883;172583;5640;2
1617085;7875;172350;1250;1
1617087;7877;172350;2940;2
1617089;7879;172350;3360;3
1617091;7881;172350;1980;4
1617093;7883;172350;5640;5
1617095;7875;176692;1250;1
1617097;7877;176692;2940;2
1617099;7879;176692;3360;3
1617101;7881;176692;1980;4
1617103;7884;172351;6150;1
1617105;7882;172351;1880;2
1617107;7880;172351;3420;3
1617109;7878;172351;2950;4
1617111;7876;172351;1400;5
1617113;7882;178433;1880;1
1617115;7880;178433;3420;2
1617117;7878;178433;2950;3
1617119;7876;178433;1400;4
1617121;7891;172585;3020;1
1617123;7885;172352;1250;1
1617125;7887;172352;2940;2
1617127;7889;172352;3360;3
1617129;7891;172352;3020;4
1617131;7892;172353;2650;1
1617133;7890;172353;3420;2
1617135;7888;172353;2950;3
1617137;7886;172353;1400;4
1617139;8456;175330;2530;1
1617141;7935;175330;2940;2
1617143;7937;175330;3360;3
1617145;7939;175330;1980;4
1617147;7941;175330;1480;5
1617165;8332;172587;1320;1
1617167;8334;172587;4010;2
1617169;8336;172587;1750;3
1617171;8338;172587;3050;4
1617173;8340;172587;2450;5
1617175;8342;172587;6480;6
1617197;8343;172588;6890;1
1617199;8341;172588;2320;2
1617201;8339;172588;3420;3
1617203;831;172588;1500;4
1617205;8335;172588;3990;5
1617207;8333;172588;2390;6
1617209;8343;172590;6890;1
1617211;8341;172590;2320;2
1617213;8339;172590;3420;3
1617215;8337;172590;1710;4
1617217;8335;172590;3990;5
1617219;8343;173048;6890;1
1617221;8341;173048;2320;2
1617223;8339;173048;3420;3
1617225;8337;173048;1710;4
1617227;8336;172589;1750;1
1617229;7879;172589;3320;2
1617231;8340;172589;2450;3
1617233;8342;172589;6480;4
1617235;7901;402481;4100;1
1617237;7903;402481;3340;2
1617239;7905;402481;2650;3
1617241;7907;402481;5070;4
1617243;7909;402481;5810;5
1615773;401285;401925;550;1
1615765;401281;401921;1210;1
1615767;401285;401921;550;2
1615769;401289;401921;970;3
1615771;8806;401921;1080;4
1615775;401289;401925;970;2
1615777;8806;401925;1080;3
1615779;8806;401761;1080;1
1617605;13145;179770;5420;1
1617607;13147;179770;1470;2
1617609;13149;179770;2070;3
1617611;13151;179770;2250;4
1617613;13153;179770;3910;5
1623549;806515;1614049;4490;1
1617617;13154;1609981;3430;1
1617619;13152;1609981;3150;2
1617621;13151;1609941;2250;1
1623401;10905;1613926;2230;1
1623402;806834;1613927;3000;1
1623403;8269;1613928;1910;1
1623404;9505;1613928;4480;2
1623541;806434;1614046;2760;1
1623542;8464;1614046;2090;2
1623543;8465;1614047;2070;1
1623544;806435;1614047;2030;2
1623545;8015;1614048;1330;1
1623546;8017;1614048;930;2
1623547;8019;1614048;1490;3
1623548;806514;1614048;3730;4
1623550;8020;1614049;1530;2
1623551;8018;1614049;1190;3
1623552;8016;1614049;1560;4
1623561;400721;1614066;5070;1
1623562;806914;1614066;2000;2
1623563;806915;1614067;2000;1
1621801;806174;1613006;5000;1
1623564;400723;1614067;5010;2
1623565;806916;1614068;10000;1
1624073;7854;1614467;2710;1
1624074;7852;1614467;3570;2
1615891;8370;179591;1360;1
1615893;9728;179591;4060;2
1615895;9725;179591;1430;3
1615897;8366;179591;2660;4
1615899;8367;179591;2460;5
1615921;8045;174051;1020;1
1615923;9365;174051;1700;2
1615913;8045;174070;1020;1
1615915;9365;174070;1700;2
1615917;8048;172561;1660;1
1615919;8046;172561;900;2
1615925;9366;174051;2070;3
1615927;8051;174051;3070;4
1615929;8625;174051;2520;5
1621804;806176;1613008;3000;1
1621803;806175;1613007;5000;1
1617623;13153;1609941;3910;2
1617625;13154;179771;3430;1
1617627;13152;179771;3150;2
1617629;13150;179771;1830;3
1617631;13148;179771;1200;4
1617633;13146;179771;4880;5
1621805;806177;1613009;3000;1
1624075;807275;1614467;5500;3
1624076;807295;1614467;2000;4
1624077;11246;1614467;840;5
1617667;8465;401127;2070;1
1617669;9989;401127;870;2
1617671;9990;401127;1190;3
1617673;9991;401127;2580;4
1617675;9992;401127;1080;5
1617683;8488;401125;1040;1
1617685;8489;401125;3680;2
1617687;9985;401125;1830;3
1617689;9986;401125;990;4
1617691;8464;401125;2090;5
1618799;400121;400361;13200;1
1617997;11405;176910;2000;1
1617999;7867;176910;2260;2
1618001;7869;176910;1500;3
1618003;7871;176910;3720;4
1618005;7873;176910;2870;5
1618007;7874;176911;2820;1
1618009;7872;176911;3540;2
1618011;7870;176911;1520;3
1618013;7868;176911;2140;4
1618015;11406;176911;2000;5
1618041;8379;179965;730;1
1618043;8377;179965;3410;2
1618045;10767;179230;2100;1
1618047;8376;179230;2510;2
1618049;8378;179230;900;3
1618051;11966;179050;7800;1
1618053;8540;172795;7200;1
1618055;11146;176493;14200;1
1618057;3863;151609;11500;1
1618059;10645;175830;12400;1
1618061;9670;174419;3400;1
1618063;804445;1610701;9000;1
1618065;13258;179963;6100;1
1618067;304;4782;6700;1
1618707;10945;176272;5000;1
1618719;12266;178293;5000;1
1618723;4123;153051;1800;1
1618725;19;9;4000;1
1618727;1655;33890;2500;1
1618729;401881;804969;15100;1
1618731;400973;401445;17400;1
1618733;804127;1610303;10800;1
1618739;13300;180024;3000;1
1618741;4663;156552;7500;1
1618829;10746;175951;14100;1
1618747;9;12;6100;1
1618749;138;2266;7100;1
1618751;804647;1610823;4800;1
1618753;1626;33499;6470;1
1618755;2523;135734;50;1
1618757;428;10936;5000;1
1618759;400607;400963;16400;1
1618761;401681;402281;12000;1
1618763;387;7402;2000;1
1618765;308;4789;5500;1
1618771;400567;400847;12300;1
1618773;400951;401371;14200;1
1618775;400443;400683;16500;1
1618777;1;10;3900;1
1618779;4662;156551;7600;1
1618783;4062;152870;3400;1
1618785;427;10935;5400;1
1618789;386;7401;3800;1
1618791;12774;179179;4600;1
1618793;11488;177033;2100;1
1618797;166;2301;5300;1
1618803;2501;137464;4900;1
1618805;140;2258;3100;1
1618807;146;152874;4900;1
1618817;804125;1610301;10800;1
1618811;3102;147270;8900;1
1618813;804645;1610821;4400;1
1618815;804045;1610221;20300;1
1618819;803965;1610141;19100;1
1618821;3862;151608;10800;1
1618823;400441;400681;15400;1
1618825;400949;401369;18600;1
1618827;400771;401247;13400;1
1618831;400605;400961;16800;1
1617863;2292;175331;1960;1
1621421;805874;1612686;3000;1
1621422;7894;1612686;2120;2
1620723;805498;1612166;1200;1
1620724;805499;1612167;1200;1
1617865;7882;175331;1880;2
1617867;8339;175331;3420;3
1617869;7878;175331;2950;4
1617871;7934;175331;3000;5
1621984;8475;172500;3300;1
1618323;6665;171088;5800;1
1618325;8245;172515;8000;1
1618327;1662;34818;4300;1
1621985;8211;172500;1910;2
1621986;8209;172500;1540;3
1621987;8207;172500;1200;4
1621988;8205;172500;3840;5
1617907;8379;179231;730;1
1617909;7376;179231;3270;2
1617911;10768;179231;2580;3
1621989;8203;172500;2260;6
1614343;10052;175116;5380;1
1614345;10051;175115;4760;1
1617947;13253;179964;2660;1
1618173;10185;175210;18100;1
1618175;7165;171648;17300;1
1618179;774;171210;6900;1
1623341;806794;1613827;3140;1
1623342;8370;1613827;1360;2
1623343;806794;1613826;3140;1
1618187;804129;1610305;8600;1
1618191;804725;1610901;3500;1
1618193;804729;1610905;1600;1
1618195;11965;179051;9400;1
1618197;9669;174418;3300;1
1618199;12925;179410;5000;1
1623344;8370;1613826;1360;2
1623345;9728;1613826;4060;3
1618205;8312;172566;4900;1
1622222;400267;1610025;17800;1
1614405;8665;401521;1470;1
1614407;8666;401521;1710;2
1614409;8666;173009;1710;1
1614411;8665;173008;1470;1
1621423;7895;1612686;2140;3
1621441;7898;1612706;2360;1
1621442;7899;1612706;2650;2
1618581;12769;179176;10000;1
1621443;805894;1612706;3000;3
1614425;8905;173388;100;1
1614427;5665;173029;1480;1
1614459;8645;172988;3180;1
1614433;5665;175350;1480;1
1614435;8645;175350;3180;2
1618209;1851;42898;3100;1
1618211;9667;174416;1600;1
1618213;11445;176970;11300;1
1618215;8320;172575;2500;1
1618217;6965;176550;10400;1
1618219;9965;174872;6300;1
1618221;11865;177572;5000;1
1618223;13108;179713;7400;1
1618225;11465;176990;18900;1
1614463;5668;175351;2960;1
1614465;8685;175351;1650;2
1614467;5668;172989;2960;1
1618227;10925;176250;7300;1
1618229;9766;174631;4500;1
1618233;12065;177970;11000;1
1618235;12105;178011;11000;1
1618237;9865;174790;10700;1
1618239;12085;177990;4700;1
1618241;7645;177130;7400;1
1618243;11007;176332;9200;1
1618247;8310;172559;6000;1
1618249;12771;179172;5000;1
1618251;8308;172557;6400;1
1618255;11325;176810;11800;1
1618257;12067;177972;4900;1
1618259;11845;177550;5800;1
1618261;8307;172556;9000;1
1618267;12049;177953;4000;1
1618271;4122;153050;1900;1
1618273;12265;178292;5000;1
1618275;12585;178890;12800;1
1618281;1653;177191;3275;1
1618285;11487;177032;5000;1
1618297;11825;177490;2000;1
1618299;8539;172794;8100;1
1618301;2503;151990;8300;1
1618303;11145;176492;14400;1
1618305;12805;179211;12600;1
1618307;10066;175111;9000;1
1618309;1663;34819;6000;1
1618311;12747;179154;5000;1
1618317;803845;1610021;20500;1
1618331;5785;169768;9400;1
1618335;10885;176210;10200;1
1618337;2569;139103;7700;1
1618339;10805;176030;16200;1
1618341;10785;176010;10200;1
1618343;773;171211;7200;1
1618345;11665;177270;1;1
1618347;9866;174791;9700;1
1618349;12066;177971;9400;1
1618353;401641;402241;8800;1
1618365;10;11;6000;1
1618369;6666;171089;13400;1
1618371;10145;175171;8100;1
1618373;1103;21119;2500;1
1618375;307;4786;6000;1
1618377;165;140001;5000;1
1618379;139;2267;5500;1
1618383;145;152873;4900;1
1618385;2242;61775;2600;1
1618387;306;4787;3100;1
1618389;1654;34711;1300;1
1618391;141;2257;2700;1
1618393;9025;173608;5300;1
1618395;303;4784;5600;1
1618397;2522;135733;50;1
1618401;804085;1610261;14700;1
1618405;2661;141806;6300;1
1618409;10086;175118;13600;1
1618411;11945;177850;10600;1
1618415;8444;172700;2500;1
1618421;5927;169972;8100;1
1618423;401521;402121;15100;1
1618425;10866;176191;14500;1
1618427;11846;177551;6400;1
1618429;8358;172609;5800;1
1618433;8565;172868;12900;1
1618435;5042;172869;18000;1
1618441;11225;176630;8000;1
1618443;12525;178810;5800;1
1618445;804731;1610907;1600;1
1618447;804727;1610903;3800;1
1618449;12586;178891;11500;1
1618451;8445;172701;2400;1
1618453;12772;179173;5000;1
1618457;8311;172560;6100;1
1618459;12086;177991;5600;1
1618461;8309;172558;6000;1
1618465;9507;174212;7800;1
1618467;12465;178710;2500;1
1618469;11008;176333;9500;1
1618471;6245;170489;6900;1
1618485;1601;32726;2650;1
1618487;10105;175120;6900;1
1618491;9508;174213;6700;1
1618495;11065;176410;8400;1
1618497;1628;33501;7000;1
1618499;12773;179178;3400;1
1618501;10745;175950;19000;1
1618503;10705;175910;13100;1
1618509;10865;176190;14700;1
1618511;8357;172608;5900;1
1618513;6667;171090;12800;1
1618515;6469;177470;7500;1
1618517;11866;177573;5000;1
1618519;9765;174630;5100;1
1618521;10926;176251;7300;1
1618523;1470;28748;5000;1
1618525;1600;32725;3110;1
1618527;1469;28747;5000;1
1618529;1474;28749;5630;1
1618531;1476;28749;4210;2
1618533;1457;28749;6900;3
1618535;1459;28749;7560;4
1618537;1461;28750;7110;1
1618539;1463;28750;6960;2
1618541;1478;28750;4190;3
1618543;1472;28750;5300;4
1618555;8685;173028;1650;1
1618583;12770;179177;10000;1
1625466;7687;178291;10000;1
1615731;804693;1610943;3460;1
1615725;804805;1610941;3840;1
1615727;804809;1610941;800;2
1615729;804691;1610941;3060;3
1615733;804811;1610943;1160;2
1615735;804807;1610943;3350;3
1621141;805674;1612446;5000;1
1621142;805675;1612447;5000;1
1623346;9725;1613826;1430;4
1623347;8366;1613826;2660;5
1623348;8367;1613826;2460;6
1623423;806855;1613948;10000;1
1623424;806854;1613949;10000;1
1622032;7403;401241;2820;1
1622033;400761;401241;4810;2
1622034;400765;401241;3160;3
1622035;401081;401241;1700;4
1622036;401083;401243;1360;1
1618685;11666;177271;4000;1
1618687;10685;175890;13600;1
1622040;7305;401201;2640;1
1618693;10085;175117;13000;1
1622041;400481;401201;2530;2
1622042;400485;401201;2490;3
1622043;400489;401201;2500;4
1622044;401085;401201;2000;5
1619876;805212;1611864;9700;1
1622037;400767;401243;2830;2
1622038;400763;401243;4420;3
1622039;7404;401243;3430;4
1622045;401087;401203;2000;1
1622046;400491;401203;3070;2
1622047;400487;401203;2570;3
1622048;400483;401203;2430;4
1625073;807878;1615150;2890;1
1625058;807859;1615133;1890;1
1625059;807858;1615134;1520;1
1625060;807859;1615135;1890;1
1625074;807879;1615151;2520;1
1622049;7306;401203;2910;5
1622082;12767;179174;10000;1
1620591;8170;172492;1610;1
1620592;8172;172492;3130;2
1620593;8174;172492;3720;3
1620594;8176;172492;3300;4
1622080;13219;179916;5000;1
1622081;12768;179175;10000;1
1625075;807879;1615152;2520;1
1625076;807878;1615152;2890;2
1625077;7793;1615153;2520;1
1625078;8626;1615153;2890;2
1622079;13218;179915;5000;1
1622086;2680;1612807;3140;1
1622087;8026;1612807;1240;2
1622088;4286;1612807;2070;3
1622089;8023;1612806;1930;1
1622090;8025;1612806;1110;2
1622091;8027;1612806;2610;3
1622096;9266;1611945;2890;1
1622097;7312;1611945;2860;2
1622098;7790;1611945;1640;3
1622099;7788;1611945;1920;4
1622100;805293;1611945;3040;5
1622105;805292;1611944;2510;1
1622106;7787;1611944;1880;2
1622107;7789;1611944;1710;3
1622108;7791;1611944;2680;4
1622109;7793;1611944;2520;5
1625464;12845;179290;5000;1
1625465;806356;1613248;10000;1
1625433;807694;1615370;3220;1
1625434;9729;1615370;2570;2
1624005;7853;1614466;3390;5
1624204;400489;1614566;2500;4
1624205;807414;1614566;1440;5
1624206;807415;1614567;1630;1
1624207;7932;1614567;2350;2
1624208;7930;1614567;2570;3
1624891;807796;1615008;6000;1
1624892;807797;1615009;6000;1
1624893;807798;1615010;9400;1
1624894;807799;1615011;10600;1
1624933;807520;1614756;3320;1
1624934;807522;1614756;2990;2
1624935;7431;1614756;3280;3
1624936;7432;1614758;3250;1
1624937;807523;1614758;2550;2
1624938;807521;1614758;3390;3
1624209;400483;1614567;2430;4
1624210;7306;1614567;2910;5
1624031;13226;1614470;1840;1
1624032;807296;1614470;2000;2
1624033;807276;1614470;5500;3
1624034;7871;1614470;3720;4
1624035;7873;1614470;2870;5
1624036;7874;1614471;2820;1
1624037;7852;1614471;3570;2
1624038;807275;1614471;5500;3
1624039;807295;1614471;2000;4
1624040;9546;1614471;2340;5
1624041;7874;1614449;2820;1
1624042;7852;1614449;3570;2
1624043;807275;1614449;5500;3
1623290;806774;1613807;4740;1
1623291;806776;1613807;4320;2
1623292;11885;1613807;2010;3
1623293;400521;1613807;2630;4
1623294;400525;1613807;4390;5
1623295;806774;1613811;4740;1
1623296;806776;1613811;4320;2
1623297;11885;1613811;2010;3
1623298;400521;1613811;2630;4
1623299;806774;1613809;4740;1
1623300;806776;1613809;4320;2
1623301;11885;1613809;2010;3
1623302;400523;1613812;2470;1
1623303;11886;1613812;2020;2
1623304;6854;1613812;4360;3
1623305;806775;1613812;5130;4
1623306;806776;1613806;4320;1
1623307;11885;1613806;2010;2
1623308;400521;1613806;2630;3
1623309;400525;1613806;4390;4
1623310;11886;1613810;2020;1
1623311;6854;1613810;4360;2
1623312;806775;1613810;5130;3
1624939;400807;1614759;2930;1
1624940;7374;1614759;3210;2
1624941;400803;1614759;5180;3
1624942;9729;1614907;2570;1
1624943;9730;1614907;2520;2
1624944;807754;1614907;1460;3
1624945;807755;1614907;3180;4
1624946;8274;1614907;1530;5
1624947;807694;1614907;3220;6
1624948;9729;1614947;2570;1
1624949;9730;1614947;2520;2
1624950;807754;1614947;1460;3
1623021;9845;1613706;2400;1
1623022;9847;1613706;3500;2
1623023;806454;1613706;6700;3
1623024;806455;1613707;6200;1
1623025;12408;1613707;2900;2
1623026;12128;1613707;2320;3
1624951;807755;1614947;3180;4
1623714;807056;1614209;10000;1
1623715;807057;1614210;10000;1
1623805;807134;1614286;4000;1
1623806;807136;1614286;2900;2
1623807;807137;1614287;2900;1
1623808;807135;1614287;4000;2
1623809;807134;1614288;4000;1
1623810;807135;1614289;4000;1
1623821;807138;1614290;2500;1
1622888;806634;1613548;3210;1
1622889;806194;1613548;5030;2
1622890;806576;1613548;5930;3
1622891;806578;1613548;4650;4
1622892;8314;1613547;3860;1
1622893;806579;1613547;5010;2
1622894;806577;1613547;5630;3
1622895;806195;1613547;4350;4
1622489;806474;1613368;9600;1
1622881;806634;1613546;3210;1
1622882;806194;1613546;5030;2
1622883;806576;1613546;5930;3
1622884;806578;1613546;4650;4
1622885;8164;1613546;4320;5
1622886;806634;1613566;3210;1
1622887;806194;1613566;5030;2
1622896;806575;1613547;3560;5
1622897;806195;1613567;4350;1
1622898;806575;1613567;3560;2
1622899;806579;1613549;5010;1
1622900;806577;1613549;5630;2
1622901;806195;1613549;4350;3
1622902;806575;1613549;3560;4
1623061;400801;1613746;5080;1
1623062;400803;1613747;5180;1
1623501;806774;1614006;4740;1
1623502;806776;1614006;4320;2
1623503;6854;1614007;4360;1
1623504;806775;1614007;5130;2
1623581;806934;1614086;10000;1
1623582;13153;1614087;3910;1
1624952;8274;1614947;1530;5
1624953;807694;1614909;3220;1
1624993;13145;1615070;5420;1
1624994;13147;1615070;1470;2
1624995;8207;1615071;1200;1
1624996;13146;1615071;4880;2
1622502;806517;1613387;5200;1
1622741;8106;1613486;3000;1
1623841;12009;1614306;3920;1
1623842;8397;1614306;4600;2
1623843;8401;1614306;2420;3
1623844;807154;1614306;4000;4
1622742;806457;1613486;3100;2
1623845;807155;1614307;4000;1
1623846;8400;1614307;2300;2
1622312;8465;1613329;2070;1
1622313;806435;1613329;2030;2
1622314;7374;1613329;3210;3
1622315;8489;1613328;3680;1
1622316;806434;1613328;2760;2
1622317;8464;1613328;2090;3
1623847;12325;1614307;4220;3
1623848;12326;1614307;4320;4
1623849;8397;1614308;4600;1
1623850;8401;1614308;2420;2
1622501;806516;1613386;5300;1
1622743;806455;1613486;6200;3
1622744;806580;1613486;3000;4
1623049;806736;1613728;10000;1
1623851;807154;1614308;4000;3
1623863;807177;1614327;4000;1
1623864;807175;1614327;5000;2
1623865;807178;1614328;10000;1
1623861;807174;1614326;5000;1
1623862;807176;1614326;4000;2
1623866;807179;1614329;10000;1
1623867;807180;1614330;10000;1
1623868;807181;1614331;10000;1
1623901;807214;1614366;9400;1
1623902;807215;1614367;10000;1
1623903;807216;1614368;8400;1
1623904;807217;1614369;21800;1
1623921;807237;1614386;1500;1
1623922;807235;1614386;2800;2
1623923;807234;1614387;2800;1
1623924;807236;1614387;1500;2
1623623;806976;1614128;9400;1
1622603;9845;1613346;2400;1
1622604;9847;1613346;3500;2
1622605;806454;1613346;6700;3
1622606;806456;1613346;3900;4
1622607;8105;1613346;2900;5
1622561;806458;1613351;5300;1
1622562;806214;1613351;4800;2
1622563;806460;1613351;6580;3
1622564;806461;1613350;3500;1
1622565;806215;1613350;3800;2
1622566;806459;1613350;4090;3
1622567;12408;1613350;2900;4
1622568;12128;1613350;2320;5
1622569;12405;1613349;2400;1
1622570;12407;1613349;3500;2
1622571;806458;1613349;5300;3
1622572;806214;1613349;4800;4
1622573;806460;1613349;6580;5
1625173;807978;1615250;1600;1
1624091;12550;1614506;2280;1
1624092;12548;1614506;2820;2
1624093;12546;1614506;4160;3
1624094;8059;1614506;2360;4
1624095;807334;1614506;3130;5
1624102;805994;1612828;3780;1
1624103;1580;1612828;4680;2
1624104;1592;1612828;8290;3
1624105;1583;1612827;6080;1
1624106;1585;1612827;4400;2
1624096;1594;1612829;8300;1
1624097;1585;1612829;4400;2
1624098;805995;1612829;3650;3
1624099;805994;1612826;3780;1
1624100;1580;1612826;4680;2
1624101;1581;1612826;6470;3
1624107;805995;1612827;3650;3
1624108;1594;1611063;8300;1
1624109;1585;1611063;4400;2
1624110;1586;1611063;4560;3
1624741;8332;1614886;1320;1
1622599;9847;1613348;3500;1
1622600;806454;1613348;6700;2
1622601;806456;1613348;3900;3
1622602;8105;1613348;2900;4
1624742;8334;1614886;4010;2
1624743;807674;1614886;4800;3
1624744;8340;1614886;2450;4
1624745;8342;1614886;6480;5
1624746;7884;1614887;6150;1
1624747;401921;1614887;2440;2
1624748;807675;1614887;4930;3
1624749;8335;1614887;4150;4
1624750;8333;1614887;2200;5
1624751;807674;1614888;4800;1
1624752;8340;1614888;2450;2
1624753;8342;1614888;6480;3
1625174;807980;1615250;1100;2
1625175;807981;1615251;1400;1
1625176;807979;1615251;1700;2
1625177;807982;1615252;11600;1
1625178;807983;1615253;11600;1
1625393;8366;1615330;2660;1
1625394;8367;1615330;2460;2
1624754;7884;1614889;6150;1
1624755;401921;1614889;2440;2
1624756;807675;1614889;4930;3
1624757;807676;1614890;2280;1
1624758;9529;1614890;2620;2
1625395;806794;1615330;3140;3
1625396;8370;1615330;1360;4
1624776;807714;1614910;3900;1
1624777;807715;1614911;4200;1
1625405;806794;1615334;3140;1
1625406;8370;1615334;1360;2
1625453;808038;1615390;8600;1
1625454;808039;1615391;8600;1
1625401;9729;1615332;2570;1
1625402;9730;1615332;2520;2
1625593;807640;1615510;2100;1
1625594;807096;1615510;1500;2
1625595;805132;1615511;1500;1
1625596;807641;1615511;2000;2
1625633;808138;1615550;9500;1
1625634;808139;1615551;9500;1
1622326;13154;1613095;3430;1
1622327;7431;1613094;3280;1
1622332;7343;175430;2040;1
1622333;7345;175430;5350;2
1622334;7347;175430;1370;3
1622335;7349;175430;2180;4
1622336;10345;175430;2250;5
1622337;10346;175431;3150;1
1622338;7350;175431;2150;2
1622339;7348;175431;1100;3
1622340;7346;175431;4880;4
1622341;7344;175431;3030;5
1622342;1637;175511;2000;1
1622343;8414;175511;3460;2
1622344;8412;175511;2330;3
1622345;8410;175511;2000;4
1622346;8408;175511;1210;5
1622347;8407;177891;1210;1
1622348;11985;177891;2060;2
1622349;11986;177891;2390;3
1622350;8413;177891;3210;4
1622351;1635;177891;2370;5
1623483;401293;1613986;2020;1
1622376;7896;179791;1370;1
1622377;8865;179919;1500;1
1622378;7896;179794;1370;1
1622379;7893;179794;2390;2
1622380;7894;179794;2120;3
1622381;7895;179794;2140;4
1622382;7896;179792;1370;1
1622371;7893;179790;2390;1
1622372;7894;179790;2120;2
1622373;7895;179790;2140;3
1622374;7894;179793;2120;1
1622375;7895;179793;2140;2
1622383;7893;179792;2390;2
1622384;8866;179920;1500;1
1622387;7898;179910;2360;1
1622388;7899;179910;2650;2
1622389;7898;179797;2360;1
1622390;7899;179797;2650;2
1622391;7900;179797;3020;3
1622392;7897;179796;1840;1
1622393;12045;1612326;2060;1
1622394;805594;1612326;4970;2
1622395;805596;1612326;3140;3
1622396;8196;1612326;2880;4
1622397;8198;1612326;4860;5
1622398;8199;1612327;4880;1
1622399;8197;1612327;2850;2
1622400;805597;1612327;3030;3
1622401;805595;1612327;5030;4
1622402;1426;1612327;2540;5
1622415;8465;1612607;2070;1
1622416;9989;1612607;870;2
1622417;9990;1612607;1190;3
1622418;10768;1612607;2580;4
1622419;805814;1612606;5000;1
1622420;9985;1612606;1830;2
1622421;9986;1612606;990;3
1622422;8464;1612606;2090;4
1622763;806535;1613506;6930;1
1622765;806618;1613508;6900;1
1622764;806534;1613507;3620;1
1622766;806619;1613509;7000;1
1623484;401291;1613986;890;2
1622541;806554;1613426;1430;1
1622542;8015;1613426;1330;2
1622543;8017;1613426;930;3
1622544;8019;1613426;1490;4
1622545;806514;1613426;3730;5
1622546;806515;1613427;4490;1
1622547;8020;1613427;1530;2
1622548;8018;1613427;1190;3
1622549;8016;1613427;1560;4
1622550;806555;1613427;1340;5
1624369;807354;1614689;2360;1
1624370;807374;1614689;3570;2
1624371;807356;1614689;1470;3
1624372;807376;1614689;3720;4
1624373;807359;1614690;3650;1
1624374;807382;1614690;1200;2
1624375;807375;1614690;3840;3
1624376;807396;1614690;2360;4
1624377;8479;1614530;5330;1
1624378;807359;1614530;3650;2
1624379;807382;1614530;1200;3
1624380;807380;1614530;3840;4
1624381;807378;1614530;2260;5
1624382;807377;1614529;2360;1
1624383;807379;1614529;3570;2
1624384;807381;1614529;1470;3
1624385;807383;1614529;3720;4
1624386;8478;1614529;5730;5
1624387;807356;1614528;1470;1
1624388;807376;1614528;3720;2
1624389;8474;1614528;3580;3
1624441;807494;1614726;6800;1
1624461;807514;1614746;8600;1
1624462;807515;1614747;8600;1
1624463;807516;1614748;12000;1
1624464;807517;1614749;12000;1
1624465;807518;1614750;13000;1
1624466;807519;1614751;13000;1
1624473;400743;401215;1880;1
1624474;2614;401215;3420;2
1624475;7878;401215;2950;3
1624476;12007;401215;2100;4
1624477;807524;1614754;10800;1
1624478;807525;1614755;10800;1
1625079;807898;1615154;1000;1
1624501;807534;1614766;6100;1
1624801;807755;1614906;3180;1
1624551;807564;1614792;6600;1
1624552;807565;1614793;8200;1
1624553;807074;1614794;1800;1
1624554;807076;1614794;1700;2
1624555;807078;1614794;2600;3
1624556;807080;1614794;3300;4
1624572;8446;1614799;2410;1
1624573;8448;1614799;4000;2
1624574;8450;1614799;3830;3
1624575;8452;1614799;3490;4
1624576;807569;1614799;4790;5
1624577;807570;1614800;4980;1
1624578;8453;1614800;3720;2
1624579;8451;1614800;3320;3
1624565;807081;1614795;1800;1
1624566;807079;1614795;2300;2
1624567;807077;1614795;1700;3
1624568;807075;1614795;1700;4
1624580;8449;1614800;3950;4
1624581;807334;1614800;3130;5
1624582;807574;1614801;4710;1
1624583;807572;1614801;4270;2
1624584;807578;1614802;3300;1
1624585;807576;1614802;2600;2
1624586;807574;1614802;4710;3
1624587;807572;1614802;4270;4
1624588;807577;1614803;3360;1
1624589;12447;1614803;3580;2
1624590;12448;1614804;3550;1
1624591;807578;1614804;3300;2
1624616;807573;1614811;4790;1
1624617;807575;1614811;1255;2
1624618;807577;1614811;3360;3
1624619;12447;1614811;3580;4
1624596;12448;1614806;3550;1
1624597;807578;1614806;3300;2
1624598;400937;1614806;2600;3
1624599;807574;1614806;4710;4
1624620;807571;1614812;4570;1
1624621;807573;1614812;4790;2
1624622;807575;1614812;1255;3
1624623;807577;1614812;3360;4
1624624;12447;1614812;3580;5
1624605;12448;1614808;3550;1
1624606;807578;1614808;3300;2
1624607;400937;1614808;2600;3
1624608;807574;1614808;4710;4
1624609;807572;1614808;4270;5
1624625;807579;1614813;3800;1
1624626;807580;1614814;3700;1
1624627;807581;1614815;7100;1
1624613;807578;1614810;3300;1
1624614;400937;1614810;2600;2
1624615;807574;1614810;4710;3
1624628;807582;1614816;8100;1
1624641;807594;1614826;2600;1
1624642;807595;1614827;600;1
1624643;807596;1614828;6800;1
1624644;807597;1614829;8000;1
1624661;13252;1614846;2280;1
1624662;9827;1614846;1860;2
1624663;9828;1614847;2070;1
1624664;13253;1614847;2660;2
1624665;807614;1614848;3500;1
1624666;807615;1614849;2500;1
1624667;807573;1614850;4790;1
1624668;807575;1614850;1255;2
1624669;807577;1614850;3360;3
1624670;807577;1614851;3360;1
1624671;807578;1614852;3300;1
1624672;807634;1614853;1400;1
1624673;807635;1614854;2000;1
1624674;807636;1614855;3000;1
1624675;807637;1614856;3000;1
1624676;8165;1614549;1300;1
1624677;8166;1614549;4850;2
1624678;807560;1614549;4330;3
1624679;807562;1614549;3710;4
1624680;807403;1614550;3660;1
1624681;807561;1614550;4330;2
1624682;8349;1614550;4540;3
1624683;13256;1614550;2220;4
1624701;807654;1614866;6200;1
1624702;807655;1614867;6200;1
1624703;807658;1614868;9000;1
1624704;807659;1614869;10100;1
1624705;807634;1614870;1400;1
1624706;807635;1614871;2000;1
1624707;807660;1614872;10900;1
1624708;807661;1614873;6560;1
1624709;8224;1614873;1560;2
1624710;8226;1614873;5120;3
1624711;9625;1614873;2780;4
1624712;807054;1614873;2000;5
1624713;807055;1614874;2000;1
1624714;9626;1614874;2730;2
1624715;8227;1614874;6550;3
1624716;8207;1614874;1200;4
1624717;807662;1614874;6010;5
1624718;8224;1614875;1560;1
1624719;8226;1614875;5120;2
1624720;9625;1614875;2780;3
1624721;807054;1614875;2000;4
1624778;807716;1614912;6300;1
1624779;807717;1614913;6600;1
1624802;8274;1614906;1530;2
1624803;807694;1614906;3220;3
1624820;807756;1614948;1800;1
1624821;8366;1614948;2660;2
1624822;8367;1614948;2460;3
1624823;8370;1614949;1360;1
1624824;806814;1614949;3690;2
1624825;807756;1614949;1800;3
1624826;8366;1614949;2660;4
1624827;8367;1614949;2460;5
1624828;806794;1614950;3140;1
1624829;8370;1614950;1360;2
1624830;806814;1614950;3690;3
1624831;807756;1614950;1800;4
1624832;8366;1614950;2660;5
1624833;8367;1614950;2460;6
1624421;8475;1614527;3300;1
1624422;807359;1614527;3650;2
1624423;807357;1614527;1200;3
1624424;807375;1614527;3840;4
1624425;807355;1614527;2260;5
1624426;807354;1614526;2360;1
1624427;807374;1614526;3570;2
1624428;807356;1614526;1470;3
1624429;807376;1614526;3720;4
1624430;8474;1614526;3580;5
1624861;9445;1614986;2590;1
1624862;7927;1614986;1910;2
1624863;7929;1614986;2490;3
1624864;7931;1614986;2620;4
1624865;807774;1614986;1000;5
1624866;807775;1614987;1000;1
1624867;7932;1614987;2350;2
1624868;7930;1614987;2570;3
1624869;7928;1614987;1820;4
1624870;9446;1614987;3470;5
1624973;8456;1615050;2530;1
1624974;7935;1615050;2940;2
1624975;7937;1615050;3360;3
1624976;7939;1615050;1980;4
1624977;7882;1615051;1880;1
1624978;7880;1615051;3420;2
1624979;7878;1615051;2950;3
1624980;7934;1615051;3000;4
1625037;7793;1615110;2520;1
1625038;8626;1615111;2890;1
1625455;805654;1612406;10000;1
1625456;7725;1612346;5000;1
1625457;7726;1612347;5000;1
1625458;804245;1612366;10000;1
1625157;807958;1615231;3600;1
1625158;807959;1615231;800;2
1625159;807962;1615232;800;1
1625160;807963;1615232;3500;2
1625459;804247;1612367;10000;1
1625460;13242;179943;5000;1
1625461;13243;179944;5000;1
1625462;806355;1613247;10000;1
1625463;806354;1613246;10000;1
1625467;805934;1613266;2000;1
1625468;806374;1613266;5000;2
1625469;806374;1614026;5000;1
1625470;8985;173528;5000;1
1625471;806375;1613267;5000;1
1625472;806894;1613267;5000;2
1625473;806375;1614027;5000;1
1625474;8986;173529;5000;1
1625475;805615;1612369;5000;1
1625476;805614;1612368;5000;1
1625477;804209;1612386;5500;1
1625478;804211;1612387;5500;1
1625479;808041;1615392;5000;1
1625480;805615;1615393;5000;1
1625573;808078;1615490;6500;1
1625575;808079;1615491;6500;1
1625488;807554;1615431;2720;1
1625489;13298;1615431;2000;2
1625490;8051;1615431;3070;3
1625039;805292;1615112;2510;1
1625040;7787;1615112;1880;2
1625041;7789;1615112;1710;3
1624321;805495;1614627;2400;1
1624322;807435;1614627;3200;2
1624323;805475;1614607;3870;1
1624324;805497;1614607;940;2
1624325;805495;1614607;2400;3
1624326;805353;1614607;3100;4
1624327;807434;1614626;2940;1
1624328;805494;1614626;3070;2
1624329;807434;1614606;2940;1
1624330;805494;1614606;3070;2
1624331;805496;1614606;1000;3
1624332;805474;1614606;3920;4
1624341;806314;1613186;2730;1
1624342;806315;1613186;2140;2
1624343;8269;1613186;1910;3
1624344;9505;1613186;4480;4
1624345;9506;1613188;4540;1
1624346;8270;1613188;1820;2
1624347;806316;1613188;2060;3
1624348;806317;1613188;2730;4
1624349;805352;1614608;3720;1
1624350;8155;1614608;1500;2
1624351;8156;1614608;4350;3
1624352;806294;1614608;2620;4
1624353;806295;1614609;3230;1
1624354;8468;1614609;4780;2
1624355;13215;1614609;1260;3
1624356;7404;1614609;3430;4
1625273;807383;1615270;3720;1
1625274;8474;1615270;3580;2
1625042;7791;1615112;2680;4
1625043;807838;1615112;1000;5
1625044;807775;1615113;1000;1
1625045;7312;1615113;2860;2
1625046;7790;1615113;1640;3
1625047;7788;1615113;1920;4
1625048;805293;1615113;3040;5
1625053;807858;1615130;1520;1
1625054;807859;1615130;1890;2
1625055;807858;1615131;1520;1
1625056;807859;1615131;1890;2
1625373;8274;1615310;1530;1
1625374;807694;1615310;3220;2
1625095;807920;1615172;4000;1
1625096;807921;1615173;4000;1
1625097;807922;1615174;5000;1
1625098;807923;1615175;5000;1
1625375;9729;1615310;2570;3
1625376;9730;1615310;2520;4
1625481;12448;1615410;3550;1
1625482;807578;1615410;3300;2
1625483;807576;1615410;2600;3
1625519;2751;173669;600;1
1625381;8366;1615312;2660;1
1625382;8367;1615312;2460;2
1625383;806794;1615312;3140;3
1625384;8370;1615312;1360;4
1625520;2745;173668;430;1
1625613;808118;1615530;5500;1
1625614;808119;1615531;5500;1
1624834;7892;1614951;2650;1
1624309;807455;1614669;1000;1
1624310;807456;1614669;2600;2
1624304;807454;1614666;3000;1
1624305;807455;1614666;1000;2
1624306;807456;1614666;2600;3
1624307;807455;1614667;1000;1
1624311;807458;1614670;3000;1
1624521;807554;1614786;2720;1
1624313;807454;1614671;3000;1
1624314;807455;1614671;1000;2
1624522;9366;1614786;2070;2
1624523;8051;1614786;3070;3
1624524;8625;1614786;2520;4
1624525;8626;1614787;2890;1
1624526;8052;1614787;3200;2
1624527;8050;1614787;2060;3
1624528;807555;1614787;2560;4
1624529;807554;1614788;2720;1
1624530;807555;1614789;2560;1
1624531;807556;1614790;4090;1
1624532;8427;1614790;3720;2
1624533;8429;1614790;2760;3
1624534;8431;1614790;1370;4
1624535;8433;1614790;3750;5
1624536;8434;1614791;3850;1
1624537;8432;1614791;1160;2
1624538;8430;1614791;3350;3
1624539;8428;1614791;3230;4
1624540;807557;1614791;3740;5
1624685;807639;1614858;10000;1
1624686;807640;1614859;2100;1
1624687;807096;1614859;1500;2
1624569;807567;1614796;13420;1
1624570;807568;1614797;11620;1
1624546;807560;1614548;4330;1
1624547;807562;1614548;3710;2
1624688;807098;1614859;3900;3
1624689;807100;1614859;1100;4
1624690;807101;1614860;1400;1
1624571;807566;1614798;9400;1
1624684;807638;1614857;10000;1
1624691;807099;1614860;3800;2
1624692;807097;1614860;1500;3
1624693;807641;1614860;2000;4
1624835;7890;1614951;3420;2
1625543;11345;1615452;2000;1
1625544;7927;1615452;1910;2
1625545;7929;1615452;2490;3
1625546;7931;1615452;2620;4
1625547;807774;1615452;1000;5