ID;GISTLINE_ID;YEAR_SEASON_ID;DAY_TYPE_ID;VERSION;ACTIVE
12183519;2617;1;2;24 de dezembro 2022;N
12173316;1918;1;1;24 de dezembro 2021;N
12132921;1622;1;6;10;N
12179061;1898;1;1;Verão A;N
12178547;1838;1;2;20;Y
12164085;1622;1;6;31 de dezembro de 2019;N
12179151;1840;1;1;Ferias escolares e Verão JS;N
12173813;2356;1;2;20;Y
12164055;1618;1;6;31 de dezembro de 2019;N
12179187;2456;1;1;Verão A;N
12163643;801727;1;3;11 de dezembro 2016;N
12174013;1920;1;3;30;Y
12179188;801125;1;3;350(Covid19);N
12093133;1622;1;1;10;Y
12093135;1622;1;2;20;Y
12093137;1622;1;3;30;Y
12179192;1838;1;1;350(Covid19);N
12174610;1797;1;1;31 de dezembro 2021;N
12174652;1840;1;1;31 de dezembro 2021;N
12174715;1844;1;1;31 de dezembro 2021;N
12180348;1925;1;1;15_Reforço;N
12180889;2536;1;6;Verão A;N
12180651;4018;1;1;15;N
12160605;801627;1;1;10;N
12180770;1919;1;3;25 de dezembro 2021;N
12180874;801005;1;1;15_(Reforço_Periferia_(704 e 907);N
12136761;1847;1;2;20;Y
12181166;1817;1;3;28 Fevereiro 2021 covid;N
12181239;801507;1;2;27 Fevereiro (Covid 2021);N
12181249;2536;1;3;28 Fevereiro 2021 covid;N
12166229;801747;1;2;3 de Junho 2017 (Serralves);N
12166363;801767;1;1;10;Y
12140620;1618;1;1;10;Y
12140621;1618;1;2;20;Y
12140622;1618;1;3;30;Y
12162547;801667;1;1;10 DMK;N
12183315;801907;1;2;25_(Obras);N
12181605;801005;1;1;15_Reforço;N
12182797;2337;1;1;15_ UOF_15;N
12182231;1849;1;1;24 de dezembro 2021;N
12178434;2556;1;2;20;Y
12171192;801587;1;1;2 maio 2022;N
12182659;2496;1;3;30apagar;N
12182234;2376;1;1;24 dezembro 2021;N
12178748;1840;1;3;30;Y
12178506;1919;1;2;20;Y
12183318;2536;1;2;20_(Obras);N
12174409;801967;1;3;30;N
12182883;1849;1;1;Cortejo Queima 2022;N
12182993;801548;1;2;20;N
12164063;1628;1;3;1 de janeiro de 2020;N
12182912;2516;1;1;Dia do cortejo queima 2022;N
12183095;1842;1;1;23_ Junho 2022;N
12183103;1916;1;1;S. João;N
12183372;1801;1;1;Testes Rui Pereira;N
12170949;2116;1;1;Verão 2020;N
12183450;1853;1;2;24 de dezembro 2022;N
12170951;3256;1;1;Verão_ 2020;N
12129800;1853;1;1;24 de dezembro 2021;N
12183451;1878;1;2;24 de dezembro 2022;N
12183536;2337;1;2;24 de dezembro 2022;N
12178134;1803;1;2;20;Y
12136765;2856;1;3;30;Y
12171857;801747;1;3;3 de Junho 2017 (Serralves);N
12163453;801547;1;1;10 UOF;N
12173592;2116;1;2;Inverno 2019/2020;N
12178174;2316;1;1;10;N
12173593;2116;1;3;Inverno 2019/2020;N
12178148;1616;1;3;30;Y
12173292;3996;1;1;24 de dezembro 2021;N
12178163;1936;1;2;20;Y
12178153;1628;1;1;10;Y
12173939;1857;1;2;20;Y
12178197;2976;1;2;20;Y
12178722;2337;1;1;(600_UON)Apagar;N
12178514;1919;1;1;10;Y
12178272;801907;1;1;10;Y
12178263;1851;1;2;20;Y
12178301;1626;1;6;10;N
12174654;1898;1;1;31 de dezembro 2021;N
12178302;1626;1;1;10;Y
12159843;1843;1;3;24 de junho 2019;N
12178303;1626;1;2;20;Y
12174711;1853;1;1;31 de dezembro 2021;N
12176115;2577;1;3;23 de Junho 2019 apagarrrr;N
12164188;1625;1;6;31 de dezembro de 2019;N
12178304;1626;1;3;30;Y
12178336;1845;1;2;20;Y
12178817;802068;1;1;10;Y
12146789;1619;1;6;10;N
12178608;1622;1;1;15;N
12178609;1622;1;2;25;N
12178610;1622;1;3;35;N
12178613;1623;1;2;20;Y
12178618;1625;1;1;15;N
12178619;1625;1;2;25;N
12178620;1625;1;3;35;N
12178621;1626;1;1;15;N
12178838;802067;1;3;30;Y
12180406;1800;1;1;10;N
12180494;1917;1;3;25 de dezembro 2021;N
12180579;2537;1;1;15_Reforço;N
12181372;1916;1;2;27 Março 2021 covid;N
12180650;2976;1;3;30;Y
12164065;1627;1;3;1 de janeiro de 2020;N
12181585;3936;1;1;7 de maio de 2021;N
12180780;1800;1;1;31 dezembro 2021;N
12181105;1848;1;3;28 Fevereiro 2021 covid;N
12178693;1801;1;2;20;Y
12178882;1920;1;1;Verão A;N
12180805;1878;1;1;31 de dezembro 2021;N
12177867;1616;1;6;31 de dezembro de 2019;N
12178697;1801;1;3;30;Y
12178339;1800;1;2;20;Y
12178865;2536;1;2;20;Y
12171591;1256;1;1;5 maio 2022;N
12180806;1924;1;1;31 de dezembro 2021;N
12183380;1619;1;3;Halloween(30_30);N
12181665;802068;1;1;15_Reforço;N
12146785;1618;1;6;10;N
12178124;2856;1;1;10;Y
12178701;1878;1;2;20;Y
12183008;802248;1;1;151-BRT_(C);N
12182842;2576;1;6;Verão A _(obras) 2022;N
12181114;2577;1;2;27 Fevereiro 2021 covid;N
12181853;2116;1;1;20210603_CE;N
12181019;2496;1;6;8 de Fevereiro 2021 Covid;N
12182085;2516;1;1;10_(C*PCSS)(Final);N
12148043;1837;1;1;Férias escolares;N
12182108;801005;1;6;Ferias escolares e Verão JS;N
12182348;2537;1;3;25 de dezembro 2021;N
12182941;1256;1;2;30 Abril 2022_CCR;N
12183094;802067;1;1;Estudo_2 descansos_(C);N
12171868;3036;1;3;2 de Junho 2019 (Serralves);N
12182963;1256;1;1;4 Maio 2022_CCR;N
12169810;801667;1;3;25 dezembro 2019;N
12166223;3036;1;1;31 de Maio 2019 (Serralves);N
12173285;1845;1;1;24 de dezembro 2021;N
12173324;2476;1;1;24 de dezembro 2021;N
12173289;1855;1;1;24 de dezembro 2021;N
12178138;1839;1;3;30;Y
12182977;2496;1;3;Verão JAS;N
12164450;801547;1;3;SAE;Y
12164451;801547;1;2;SAE;Y
12183104;2337;1;1;S. João;N
12183441;2476;1;2;24 de dezembro 2022;N
12183481;2536;1;2;24 de dezembro 2022;N
12173415;1852;1;1;24 de dezembro 2021;N
12178952;1917;1;1;Ferias escolares;N
12173829;1878;1;1;10;Y
12173830;3996;1;2;20;Y
12161804;116;1;2;20;Y
12162548;801667;1;2;20 DMK;N
12178252;2337;1;2;UON;N
12160623;801627;1;2;20;N
12160624;801627;1;3;30;N
12166003;1256;1;2;Apagar;N
12176112;1879;1;3;23 de junho 2019;N
12174071;801947;1;3;30;N
12178993;1852;1;1;Férias escolares e Verão JS;N
12179041;801005;1;3;30;Y
12178311;1816;1;2;20;Y
12176711;1627;1;6;31 de dezembro de 2019;N
12161283;801245;1;1;Apagar;N
12179052;1937;1;1;Férias escolares  e Verão JS;N
12163223;2116;1;1;Inverno 2019/2020;N
12164054;1619;1;6;31 de dezembro de 2019;N
12179178;1898;1;1;35_Covid;N
12164603;4018;1;1;Inverno_2019;N
12179064;1796;1;1;Verão A;N
12179181;2337;1;3;350(Covid19);N
12179128;2976;1;1;Verão A;N
12179194;1845;1;3;350(Covid19);N
12163623;801727;1;1;9 de dezembro 2016;N
12171189;801587;1;2;30 abril 2022;N
12173252;1917;1;1;24 de dezembro 2021;N
12179245;2356;1;3;35_covid;N
12174057;801947;1;2;20;N
12179249;1916;1;3;35_covid;N
12180390;1816;1;1;Férias escolares e Verão JS;N
12180426;1855;1;1;Férias escolares;N
12180455;1843;1;1;15_Reforço;N
12180638;2116;1;1;15;N
12180782;2356;1;1;31 de dezembro 2020;N
12182222;2456;1;1;24 de dezembro 2021;N
12182928;802247;1;1;150-BRT;N
12171589;1256;1;1;6 maio 2022;N
12101977;106;1;2;Verão JAS 2018;N
12181157;2516;1;6;22 de Fevereiro 2021 Covid;N
12179047;2536;1;3;30;Y
12171590;1256;1;2;7 maio 2022;N
12181085;2376;1;3;28 Fevereiro (Covid 2021);N
12179050;1879;1;1;Férias escolares  e Verão JS;N
12181178;1849;1;2;27 Fevereiro 2021 covid;N
12181182;1842;1;2;27 Fevereiro 2021 covid;N
12179055;1879;1;1;Verão A;N
12181186;1924;1;3;28 Fevereiro 2021 covid;N
12182271;2537;1;6;24 de dezembro 2021;N
12162951;1843;1;3;25 de dezembro 2021;N
12169789;801827;1;2;10;N
12164444;801547;1;1;SAE;Y
12179162;1937;1;1;Verão A;N
12182227;1923;1;1;24 de dezembro 2021;N
12183126;2356;1;1;S. João;N
12182228;1923;1;1;31 de dezembro 2021;N
12177868;1626;1;6;31 de dezembro de 2019;N
12182277;2536;1;6;24 de dezembro 2021;N
12182297;2617;1;6;24 de dezembro 2021;N
12183348;1925;1;1;Férias Escolares e Verão JS;N
12183393;2116;1;1;10_(Recolha mais cedo);N
12179190;1837;1;1;350(Covid19);N
12177793;1854;1;1;24 de dezembro 2021;N
12179193;1840;1;1;350(Covid19);N
12183394;2816;1;1;10_(apenas lin1_Inverno);N
12179198;1851;1;1;350(Covid19);N
12182578;2496;1;6;31 de dezembro 2021;N
12183456;1879;1;2;24 de dezembro 2022;N
12166304;801747;1;3;4 de Junho 2017 (Serralves);N
12173278;1840;1;1;24 de dezembro 2021;N
12182860;1838;1;1;formação_(C);N
12182658;2337;1;3;30;Y
12182819;2577;1;2;Verão JAS 2022;N
12183457;802207;1;2;24 de dezembro 2022;N
6039185;106;1;6;Férias escolares;N
6039187;106;1;5;10;N
0;22;1;1;PARAMETROS_GLOBAIS_DE_BASE;N
29418;1656;1;1;10;Y
12180629;4018;1;1;15 apagar;N
12180804;1845;1;1;15_Reforço;N
12180637;2816;1;1;15;N
12178333;1924;1;2;20;Y
33581;106;1;2;20;Y
33582;106;1;3;30;Y
12164443;801547;1;1;10 UON;N
12180628;818;1;1;15;N
12173852;1878;1;3;30;Y
12181148;802068;1;6;22 Fevereiro 2021 (Covid);N
12181374;2496;1;3;28 Março 2021 covid;N
12181789;801627;1;2;29 Maio 2021 (Final Liga Campeões);N
12178986;1918;1;1;Férias escolares  e Verao JS;N
12178999;1842;1;2;20;Y
12182253;801907;1;1;31 dezembro 2021;N
12182254;801907;1;1;24 dezembro 2021;N
12182259;2576;1;6;24 de dezembro 2021;N
12171149;1256;1;2;30 abril 2022;N
12173275;1803;1;1;24 de dezembro 2021;N
12178343;1840;1;2;20;Y
12182269;1837;1;1;31 de dezembro 2021;N
12183003;3936;1;6;10;N
12182466;2496;1;3;30_(Experiencia)_(C)_(C);N
12182646;2337;1;1;10;Y
12182945;1256;1;3;1 Maio 2022_CCR;N
12173309;1916;1;1;24 de dezembro 2021;N
12182991;802267;1;1;10;N
12183005;3936;1;3;30;Y
12183012;802247;1;2;150-BRT_(C);N
12173315;2396;1;1;24 de dezembro 2021;N
12178355;2257;1;2;20;Y
12178409;1917;1;1;10;Y
12183098;1844;1;1;23_Junho 2022;N
12179011;801165;1;2;20;Y
12183027;1838;1;2;Nos Primavera Sound;N
12183048;2516;1;1;Nos Primavera Sound;N
12183049;802067;1;1;Estudo_2 descansos;N
12178769;1877;1;2;20;Y
50541;3416;1;1;10;Y
12183106;3996;1;1;S.João;N
12183320;2536;1;1;10_(Obras)_opt;N
12183264;1845;1;1;10_(Final)P_(C)_(C);N
12162549;801667;1;3;30 DMK;N
12173930;1898;1;1;10 apagar;N
12183338;2856;1;2;25;N
6039301;1656;1;2;20;Y
6039303;1656;1;3;30;Y
6039305;1656;1;6;10;N
12178630;1837;1;2;20;Y
6039331;3896;1;2;20;Y
6039327;3896;1;6;10;N
12183382;1627;1;3;Halloween;N
12183390;1626;1;3;Halloween;N
12183440;801165;1;2;24 de dezembro 2022;N
12183488;2536;1;1;10_(Obras)_(C);N
12183608;801165;1;2;31 de dezembro 2022;N
12183501;802067;1;2;24 de dezembro 2022;N
12183618;801567;1;2;31 de dezembro 2022;N
12183625;2337;1;2;31 de dezembro 2022;N
12183708;802127;1;2;10_(MTSM-QQ)*_SAE;N
12183709;802127;1;3;10_(MTSM-QQ)*_SAE;N
12179045;801907;1;3;30;Y
12179159;1799;1;1;Ferias escolares e Verão JS;N
12179227;1799;1;3;350;N
12179601;1801;1;1;Férias escolares e Verão JAS;N
12179294;1838;1;1;Verão A;N
6039333;3896;1;3;30;Y
6039341;3917;1;6;10;N
6039345;3917;1;2;20;Y
6039347;3917;1;3;30;Y
6039349;3916;1;2;20;Y
6039351;3916;1;3;30;Y
6039353;3916;1;6;10;N
12176710;1628;1;6;31 de dezembro de 2019;N
12171191;801587;1;1;3 maio 2022;N
12099179;1920;1;1;Férias Escolares;N
12163963;801727;1;1;8 de dezembro 2016;N
12171197;801587;1;2;7 maio 2022;N
12182825;2496;1;2;Verão JAS;N
12180325;1817;1;1;15_Reforço;N
12180547;1924;1;3;25 de dezembro 2021;N
12154145;2856;1;1;24 de dezembro 2021;N
12180347;4017;1;1;15_Reforço;N
12182523;2577;1;6;31 de dezembro 2021;N
12173369;1847;1;1;24 de dezembro 2021;N
12180437;3996;1;1;150_Reforço;N
12174350;1898;1;3;30;Y
12146923;801165;1;1;Apagar;N
12183310;2537;1;2;Srª Rosário _24-09 e 01-10-2022;N
12180383;2536;1;1;15_Reforço;N
12180807;1917;1;1;31 de dezembro 2021;N
12180548;2316;1;3;25 de dezembro 2021;N
12155423;1843;1;2;20;Y
12182141;802187;1;1;10;N
12174615;1801;1;1;24 de dezembro 2021;N
12178867;801005;1;1;10;Y
12180501;1801;1;3;25 de Dezemro 2021;N
12182197;1851;1;1;formação_(C);N
12183358;2577;1;6;Ferias escolares e Verão JS;N
12180810;2976;1;1;31 de dezembro 2021;N
12180734;1877;1;1;24 dezembro 2021;N
12178760;2376;1;1;10;Y
12181203;802067;1;3;28 Fevereiro 2021 covid;N
12139780;1619;1;1;10;Y
57341;3896;1;1;10;Y
57361;3916;1;1;10;Y
57381;3917;1;1;10;Y
12173371;1937;1;1;24 de dezembro 2021;N
12139781;1619;1;2;20;Y
12183309;2537;1;1;Srª Rosário dias 23 e 30-9 e 7-10-2022;N
12181092;2356;1;2;27 Fevereiro (Covid 2021);N
12182133;1854;1;1;31 de dezembro 2021;N
12183405;801667;1;1;10 DMK_Estudo;N
12141400;1622;1;3;24 de junho 2019;N
12178595;1618;1;2;25;N
12180931;1855;1;2;6 Fevereiro 2021 Covid;N
12180950;1796;1;2;27 Fevereiro (Covid 2021);N
12183060;802068;1;1;Estudo_2 descansos;N
12181082;2976;1;3;28 Fevereiro 2021 Covid;N
12181049;2316;1;2;27 Fevereiro 2021 covid;N
12139782;1619;1;3;30;Y
12182911;1877;1;1;Cortejo Queima 2022;N
12183078;802067;1;3;Estudo_2 descansos;N
12170010;1848;1;3;1 de janeiro de 2020;N
12174021;801507;1;1;10;Y
12183097;1843;1;1;23_Junho 2022;N
12178884;1856;1;1;Verão A;N
12174011;1920;1;1;10;Y
12183417;1817;1;2;24 de dezembro 2022;N
12183438;1897;1;2;24 de dezembro 2022;N
12178111;1852;1;1;10;Y
12178112;1879;1;2;20;Y
12178585;1923;1;1;10;Y
12183458;1877;1;2;24 dezembro 2022;N
12174616;1843;1;1;31 de dezembro 2021;N
12178359;1799;1;2;20;Y
12178310;1856;1;2;20;Y
12183542;2538;1;1;10;Y
12174617;1843;1;1;24 de dezembro 2021;N
12178200;2976;1;3;30 apagar;N
12183510;1845;1;2;24 de dezembro 2022;N
12178962;2816;1;1;Verão 2020;N
12178201;1797;1;2;20;Y
12178234;1922;1;2;20;Y
12174683;3996;1;1;31 de dezembro 2021;N
64901;106;1;1;10;Y
12178235;1922;1;3;30;Y
12178960;1857;1;1;Verão A;N
12178265;2637;1;1;10;Y
12165004;4018;1;3;Inverno_2019;N
12178482;1816;1;3;30;Y
12178548;1838;1;1;10;Y
12178596;1618;1;3;35;N
12178597;1628;1;1;15;N
12178961;4018;1;1;Verão_2020;N
12178977;2816;1;2;Verão 2020;N
12178600;1619;1;1;15;N
12178978;2816;1;3;Verão 2020;N
12178965;818;1;2;Verão_ 2020;N
12178966;818;1;3;Verão_ 2020;N
12178967;3256;1;2;Verão_ 2020;N
12165003;4018;1;2;Inverno_2019;N
12178968;3256;1;3;Verão_ 2020;N
12178969;4018;1;2;Verão_2020;N
12115421;116;1;1;Verão A 2020;N
12178970;4018;1;3;Verão_2020;N
12172129;3036;1;2;1 de Junho 2019 (Serralves);N
12178984;2396;1;1;Ferias Escolares  e Verao JAS;N
12178990;1848;1;1;Verão A;N
12178991;1849;1;1;Férias escolares  e Verão JS;N
12179001;1628;1;6;15;N
12179002;1619;1;6;15;N
12179003;1620;1;6;10;N
12179004;1622;1;6;15;N
12157488;818;1;1;Inverno_2019;N
12179008;1625;1;6;15;N
12179009;1626;1;6;15;N
12180358;1917;1;1;15_Reforço;N
12177780;1618;1;1;15;N
12180666;1799;1;1;24 de dezembro 2021;N
12180773;1851;1;3;25 de dezembro 2021;N
12180433;802108;1;3;Viagens;N
12180436;1838;1;1;15_Reforço;N
12169809;801667;1;3;24 dezembro 2019;N
12180953;1877;1;2;27 Fevereiro (Covid 2021);N
12180466;4020;1;1;10;Y
12180876;2356;1;1;15_(Anemona);N
12178330;1924;1;1;10;Y
12164056;1618;1;3;1 de janeiro de 2020;N
12180999;1616;1;3;24 janeiro de 2021;N
12183117;1622;1;3;S. João;N
12181024;2396;1;1;F. Escol  e Verao JAS 2020_Prol. viagens vazio (covid);N
12094273;1627;1;2;20;Y
12094275;1627;1;3;30;Y
12181234;2538;1;3;28 Fevereiro 2021 covid;N
12181210;1855;1;2;27 Fevereiro (Covid 2021);N
12181224;1840;1;2;27 Fevereiro (Covid 2021);N
12181258;2496;1;3;28 Fevereiro 2021 covid;N
12182047;1842;1;1;10_estudo aeroporto;N
12182565;802067;1;6;31 de dezembro 2021;N
12182909;2516;1;3;1_maio Queima 2022;N
12182957;801587;1;3;1 Maio 2022_CCR;N
12182984;2617;1;6;Verão JS;N
12182145;802207;1;1;10;N
12182178;802187;1;1;24 de dezembro 2021;N
12178164;2316;1;2;20;N
12178361;1799;1;1;10;Y
12178766;2376;1;3;30;Y
12182180;802207;1;1;24 de dezembro 2021;N
12174134;1618;1;3;1 de novembro de 2019;N
12182181;802207;1;3;25 de dezembro 2021;N
12174135;1619;1;3;1 de novembro de 2019;N
12157490;3256;1;1;Inverno_2019;N
12178931;4017;1;2;20;Y
12179062;1837;1;1;Verão JS 2020;N
12182996;802287;1;6;10;N
12182226;1801;1;1;31 de dezembro 2021;N
12178256;1923;1;3;30;Y
12178218;1857;1;1;10;Y
12174710;1852;1;1;31 de dezembro 2021;N
12178276;1925;1;1;10 apagar;N
12182241;1796;1;1;24 dezembro 2021;N
12179019;1853;1;3;30;Y
12182243;1796;1;1;31 dezembro 2021;N
12178802;801507;1;3;30;Y
12182304;2516;1;6;24 de dezembro 2021;N
12182998;802287;1;3;30;N
12183024;801567;1;3;12 de junho 2022;N
12183061;1801;1;1;Estudo 2 descansos;N
12183059;1616;1;2;Nos Primavera Sound;N
12183164;1925;1;3;30;Y
12183166;2496;1;6;Verão A 2022;N
12178584;1855;1;1;10;Y
12183183;2577;1;1;10;Y
12155824;1854;1;1;Apagar;N
12183308;2116;1;3;30;N
12092061;2856;1;2;20;Y
12183246;802067;1;2;Verão JAS;N
12157885;818;1;2;Inverno_ 2019;N
12157886;818;1;3;Inverno_ 2019;N
12157887;3256;1;2;Inverno_2019;N
12157888;3256;1;3;Inverno_2019;N
12183250;2516;1;2;20;Y
12162551;116;1;1;Férias escolares e Verão JS 2020;N
12183313;801548;1;1;Dia 21-09-2022;N
12183317;2536;1;1;10_(Obras);N
12178936;3996;1;1;Verão A;N
12183383;1925;1;3;25 de dezembro 2022;N
12172324;1618;1;3;24 de junho de 2019;N
12168389;1840;1;1;Apagar;N
12183428;4017;1;2;24 de dezembro 2022;N
12183430;1925;1;2;24 de dezembro 2022;N
12183521;2356;1;2;24 dezembro 2022;N
12183511;3996;1;2;24 de dezembro 2022;N
12183607;1623;1;3;1 de janeiro de 2023;N
12173273;1920;1;1;24 de dezembro 2021;N
12183609;1916;1;2;dezembro (3);N
12173669;2816;1;1;Inverno 2019/2020;N
12183617;3036;1;2;31 de dezembro 2022;N
12178982;1844;1;1;Verão A;N
12178985;1923;1;1;Férias escolares e Verao JAS;N
12176789;1796;1;2;20;Y
12163448;801548;1;1;10;Y
12164452;801547;1;6;SAE;N
12183657;801567;1;6;Teste _31 de Dezembro 2022;N
12183678;2538;1;6;Férias escolares _Pascoa 2023;N
12171109;2816;1;2;Verão 2019;N
12176809;1796;1;3;30;Y
12179063;1837;1;1;Verão A;N
12171030;2816;1;1;Verão 2019;N
12179000;1618;1;6;15;N
12179006;1897;1;2;20;Y
12179010;1627;1;6;15;N
12168950;1918;1;3;25 de dezembro 2021;N
12171110;2816;1;3;Verão 2019;N
12171171;1256;1;1;4 maio 2022;N
12123337;106;1;3;Verão JAS 2018;N
12174019;1857;1;3;30;Y
12179015;2537;1;2;20;Y
12179023;1842;1;3;30;Y
12154143;2876;1;1;24 de dezembro 2021;N
12179031;2538;1;3;30;Y
12179165;1800;1;1;Férias escolares e Verão JAS;N
12174230;1848;1;3;1 de novembro de 2019;N
12177790;1839;1;1;24 de dezembro 2021;N
12180546;1853;1;3;25 de dezembro 2021;N
12180363;1801;1;1;15_Reforço;N
12180550;1936;1;3;25 de dezembro 2021;N
12174621;1844;1;1;24 de dezembro 2021;N
12177809;1936;1;1;24 de dezembro 2021;N
12180735;1800;1;1;24 dezembro 2021;N
12182445;2617;1;3;30_(AS);N
12180828;1842;1;1;15_Reforço;N
12177820;1796;1;3;25 de dezembro 2021;N
12177893;801165;1;1;31 de dezembro 2021;N
12178979;1816;1;1;Verão A;N
12181078;1917;1;2;27 Fevereiro 2021 Covid;N
12178980;1843;1;1;Verão A;N
12181080;1917;1;3;28 Fevereiro 2021 Covid;N
12181081;2976;1;2;27 Fevereiro 2021 Covid;N
12177955;1616;1;3;1 de janeiro de 2020;N
12163863;801727;1;2;10 de dezembro 2016;N
12181094;4017;1;3;28 Fevereiro 2021 covid;N
12181158;2496;1;6;22 de Fevereiro 2021 Covid;N
12181568;2816;1;2;25;N
12178144;1854;1;1;10;Y
12181569;2816;1;3;35;N
12178157;1628;1;2;20;Y
12181570;2116;1;2;25;N
12183307;2116;1;2;20;N
12178350;801125;1;2;20;Y
12181571;2116;1;3;35;N
12183257;1845;1;1;10_(Final)P;N
12178158;1628;1;3;30;Y
12161723;2337;1;1;Apagar 1;N
12132942;1627;1;6;10;N
12154323;1847;1;3;25 de dezembro 2021;N
12181572;818;1;2;25;N
12178203;1897;1;1;10;Y
12093163;1627;1;1;10;Y
12181573;818;1;3;35;N
12181574;4018;1;2;25;N
12163869;1619;1;3;1 de Janeiro de 2020(30_30);N
12181575;4018;1;3;35;N
12182730;2577;1;6;Verão A 2022;N
12182558;2516;1;6;31 de dezembro 2021;N
12182821;2577;1;3;Verão JAS 2022;N
12178351;801125;1;3;30;Y
12135260;1852;1;2;20;Y
12182242;2538;1;6;24 de dezembro 2021;N
12182890;2576;1;1;Dia do cortejo queima 2022 (obras);N
12183346;2876;1;3;35_(C)_(C);N
12182569;802068;1;6;31 de dezembro 2021;N
12182771;2496;1;2;20;Y
12155223;1843;1;3;30;Y
12182948;1256;1;1;2 Maio 2022_CCR;N
12173282;1897;1;1;24 de dezembro 2021;N
12174613;1797;1;1;24 de dezembro 2021;N
12183626;3996;1;2;20_(C);N
12182956;801587;1;1;3 Maio 2022_CCR;N
12183443;1843;1;2;24 de dezembro 2022;N
12183133;2537;1;3;24_junho 2022;N
12183445;1923;1;2;24 de dezembro 2022;N
12183447;1849;1;2;24 de dezembro 2022;N
12183448;1847;1;2;24 de dezembro 2022;N
12180010;1854;1;2;Verão JAS;N
12183464;2576;1;2;24 de Dezembro 2022 (obras);N
12183473;2556;1;2;24 de dezembro 2022;N
12179659;1917;1;1;Verão A;N
12183522;1857;1;2;24 dezembro 2022;N
12179673;2316;1;3;Verão JAS;N
12180014;801667;1;2;Covid_19;N
12180015;801667;1;3;Covid_19;N
12179698;2538;1;3;Verão JAS;N
12179778;1620;1;1;10;Y
12179786;1854;1;1;Verão A;N
12179885;2196;1;6;(convid19);N
12179789;2556;1;6;Verão A;N
12179790;2356;1;1;Verão A;N
12179801;2538;1;6;Verão A;N
12179809;1623;1;3;30;Y
12179810;1623;1;1;10;Y
12179811;1624;1;1;10;Y
12179818;4017;1;1;Férias Escolares e Verão JS;N
12180022;1854;1;2;20;Y
12180025;2617;1;6;Férias Escolares;N
12180498;1898;1;3;25 de dezembro 2021;N
12182112;1799;1;1;31 de dezembro 2021;N
12180652;2816;1;3;350000;N
12177431;2196;1;3;30;N
12182224;801125;1;1;24 dezembro 2021;N
12181250;801005;1;2;27 Fevereiro 2021 covid;N
12180766;1837;1;3;25 de dezembro 2021;N
12180784;1838;1;3;25 de dezembro 2021;N
12178145;1625;1;1;10;Y
12180808;1816;1;1;31 de dezembro 2021;N
12178332;1845;1;1;10;Y
12183344;2876;1;3;35_(C);N
12180928;1920;1;2;6 Fevereiro 2021 Covid;N
12178334;1924;1;3;30;Y
12180929;1857;1;2;6 Fevereiro 2021 Covid;N
12182855;1838;1;1;formação_apagar;N
12178259;2476;1;2;20;Y
12181256;1877;1;3;28 Fevereiro (Covid 2021);N
12179026;801165;1;3;30;Y
12178337;1845;1;3;30;Y
12178342;1840;1;1;10;Y
12183432;1796;1;2;24 dezembro 2022;N
12180982;2536;1;6;8 de Fevereiro 2021 Covid;N
12178362;801165;1;1;10;Y
12178410;1917;1;2;20;Y
12183597;1619;1;3;1 de janeiro de 2023;N
12181257;2496;1;2;27 Fevereiro 2021 covid;N
12181013;802068;1;6;8 Fevereiro 2021 (Covid);N
12178664;1856;1;1;10;Y
12178665;1856;1;3;30;Y
12178683;1817;1;1;10;Y
12178689;1839;1;1;10;Y
12178699;801366;1;3;30;N
12182229;1848;1;1;24 de dezembro 2021;N
12178929;1845;1;1;Verão A;N
12178976;1843;1;1;Ferias escolares e Verão JS;N
12178992;1849;1;1;Verão A;N
12178994;2456;1;1;10;Y
12182114;1855;1;1;formação;N
12183442;2376;1;2;24 dezembro 2022;N
12182232;1849;1;1;31 de dezembro 2021;N
12182320;801507;1;1;24 de dezembro 2021;N
12183700;2516;1;3;35_(108_Vai_Vem);N
12182350;802067;1;3;25 de dezembro 2021;N
12183706;2516;1;2;25_(108_Vai_Vem);N
12179321;1845;1;1;350(Covid19);N
12182352;802068;1;3;25 de dezembro 2021;N
12182375;2516;1;3;25 de dezembro 2021;N
12182372;2617;1;3;25 de dezembro 2021;N
12182470;801005;1;3;25 de dezembro 2021;N
12182651;2337;1;2;20;Y
12179591;1842;1;1;Verão A;N
12179791;2537;1;6;Verão A;N
12182919;818;1;1;Verão 2022_(obras);Y
12182920;2816;1;1;Verão 2022_(OBRAS);N
12183070;802068;1;2;Estudo_2 descansos;N
12179792;801165;1;1;Férias escolares e Verão JS;N
12183100;1848;1;1;23_Junho 2022;N
12179721;1837;1;2;350(Covid19);N
12179722;1837;1;3;350(Covid19);N
12179723;2356;1;2;35_Covid;N
12179726;1838;1;2;350(Covid19);N
12179727;1838;1;3;350(Covid19);N
12179738;1840;1;2;350(Covid19);N
12179739;1840;1;3;350(Covid19);N
12179740;2337;1;2;350(Covid19);N
12179751;1845;1;2;350(Covid19);N
12179793;801165;1;1;Verão A;N
12179805;1620;1;2;20;Y
12179806;1620;1;3;30;Y
12179816;1817;1;1;Verão A;N
12179948;2556;1;6;Ferias escolares;N
12179867;802067;1;3;Verão JAS;N
12179967;2196;1;2;(convid19);N
12179932;2316;1;2;Verão JAS;N
12179946;2576;1;6;Ferias escolares e Verão JS;N
12179965;802067;1;6;Férias escolares;N
12179968;2196;1;3;(convid19);N
12177787;2976;1;1;24 de dezembro 2021;N
12180490;1849;1;1;15_Reforço;N
12180646;4018;1;3;350000;N
12178925;1925;1;2;20 apagar;N
12177309;2196;1;1;10;N
12183345;1847;1;3;35_(C);N
12178113;1853;1;1;10;Y
12178118;1844;1;1;10;Y
12180772;1857;1;3;25 de dezembro 2021;N
12183717;802127;1;1;10_(MTSM-QQ)*_SAE_(Rendição Castelo;N
12177541;802047;1;2;20;N
12178122;2876;1;1;10;N
12178763;2376;1;2;20;Y
12178189;1916;1;1;Apagar;N
12178768;1877;1;1;10;Y
12178191;2976;1;1;10;Y
12178192;1916;1;3;30;Y
12183399;2816;1;2;20_(apenas lin1_Inverno);N
12178202;1797;1;3;30;Y
12180813;116;1;1;10;N
12178826;802067;1;1;10;Y
12178290;4017;1;1;10;Y
12178292;4017;1;3;30;Y
12178601;1619;1;2;25;N
12178602;1619;1;3;35;N
12178509;801907;1;2;20;Y
12178603;1628;1;2;25;N
12178604;1628;1;3;35;N
12179787;1936;1;1;Verão A;N
12179017;1853;1;2;20;Y
12178988;1848;1;1;Férias escolares  e Verão JS;N
12179674;2476;1;1;Verão A;N
12183108;802068;1;3;Estudo_2 descansos;N
12183400;2816;1;3;30_(apenas lin1_Inverno);N
12183455;1937;1;2;24 de dezembro 2022;N
12183508;2536;1;6;Natal 2022_(19_22);N
12183487;2556;1;6;Ferias escolares _Natal 19 a 22-12- 2022;N
12179342;1897;1;1;Verão A;N
12179930;1936;1;2;Verão JAS;N
12181318;1616;1;2;A partir de 13 de Março de 2021;N
12180996;1616;1;2;23 janeiro de 2021;N
12183509;801507;1;2;24 de dezembro 2022;N
12179440;1796;1;2;350(Covid19);N
12181551;801005;1;2;Verão JAS;N
12181705;2356;1;1;Rali;N
12182529;2537;1;6;31 de dezembro 2021;N
12181985;2116;-1;1;opt-jvcastro;N
12183541;1898;1;1;10;Y
12183233;801548;1;6;10_(Terminal Intermodal Campanha);N
12182780;2496;1;6;Verão JS;N
12183562;2516;1;3;25 de dezembro 2022;N
12179711;2376;1;3;305(covid19);N
12179454;801125;1;2;350(Covid19);N
12179455;2376;1;1;305(covid19);N
12179468;2476;1;1;Férias escolares e Verão JS;N
12182968;1256;1;1;5 Maio 2022_CCR;N
12179642;1917;1;1;Verão JS;N
12179702;1796;1;3;350(Covid19);N
12179707;1898;1;2;35_Covid;N
12179708;1898;1;3;35_Covid;N
12179710;2376;1;2;305(covid19);N
12179712;1877;1;2;350(Covid19);N
12179713;1877;1;3;350(Covid19);N
12179758;1851;1;2;350(Covid19);N
12179759;1851;1;3;350(Covid19);N
12179770;3996;1;2;350(Covid19);N
12179776;4017;1;1;Verão A;N
12179822;1817;1;3;Verão JAS;N
12180011;1854;1;3;Verão JAS;N
12180012;1936;1;3;Verão JAS;N
12180894;801005;1;6;Verão A;N
12180100;2196;1;6;(convid19)_Junho;N
12180402;2496;1;1;15_Reforço;N
12180125;2196;1;2;(convid19)_Junho;N
12180126;2196;1;3;(convid19)_Junho;N
12180145;2537;1;1;10;Y
12182882;1801;1;1;Cortejo Queima 2022;N
12180350;1816;1;1;15_Reforço;N
12180539;1922;1;3;25 de dezembro 2021;N
12180895;2617;1;6;Verão A;N
12182742;2496;1;6;Férias Escolares 2022;N
12180540;801165;1;3;25 de dezembro 2021;N
12180401;2516;1;1;15_Reforço;N
12180549;1854;1;3;25 de dezembro 2021;N
12180551;1937;1;3;25 de dezembro 2021;N
12180578;1897;1;1;15;N
12181154;801005;1;6;22 de Fevereiro 2021 Covid;N
12180662;2976;1;3;25 de dezembro 2021;N
12180642;3256;1;2;25000;N
12180632;818;1;2;25000;N
12180670;1924;1;1;24 de dezembro 2021;N
12180738;1919;1;1;24 de dezembro 2021;N
12181155;2617;1;6;22 de Fevereiro 2021 Covid;N
12180774;1855;1;3;25 de dezembro 2021;N
12180775;1856;1;3;25 de dezembro 2021;N
12182349;2538;1;3;25 de dezembro 2021;N
12180787;1857;1;1;31 de dezembro 2021;N
12180961;4017;1;2;27 Fevereiro 2021 covid;N
12180998;1616;1;6;25 janeiro de 2021;N
12181371;2496;1;2;27 Março 2021 covid;N
12181021;1842;1;1;Verão A 2020_pronl. viagens vazio (covid);N
12181050;1936;1;3;28 Fevereiro 2021 covid;N
12181187;2576;1;2;27 Fevereiro 2021 covid;N
12181079;1916;1;2;27 Fevereiro (Covid 2021);N
12181168;1801;1;2;27 Fevereiro 2021 covid;N
12181192;2538;1;2;27 Fevereiro 2021 covid;N
12181373;1916;1;3;28 Março 2021 covid;N
12181197;2356;1;3;28 Fevereiro (Covid 2021);N
12181201;1838;1;2;27 Fevereiro (Covid 2021);N
12181209;1857;1;3;28 Fevereiro (Covid 2021);N
12181506;2356;1;2;25;N
12181248;2536;1;2;27 Fevereiro 2021 covid;N
12181255;2516;1;3;28 Fevereiro 2021 covid;N
12181507;2516;1;2;25;N
12181535;1800;1;1;Férias escolares e Verão 2020;N
12183427;2396;1;2;24 de dezembro 2022;N
12181538;1919;1;1;Férias escolares e Verão JS 2020;N
12181539;1920;1;1;Verão JS;N
12183557;2337;1;3;25 dezembro 2022;N
12181541;1845;1;1;Férias escolares e Verão JS 2021ribeiro;N
12181542;1856;1;1;Verão JS;N
12181543;3996;1;1;Férias escolares e Verão JS 2020;N
12183113;1618;1;3;S.João;N
12182892;2556;1;1;Dia do cortejo queima 2022;N
12181850;2816;1;1;1_22;N
12182251;802068;1;6;24 de dezembro 2021;N
12182127;1842;1;1;31 de dezembro 2021;N
12182177;1851;1;1;formação;N
12182960;802227;1;1;Cortejo Queima 2022_(C);N
12182965;801587;1;1;4 Maio 2022_CCR;N
12183719;802127;1;3;10_(MTSM-QQ)*_SAE_Rendição Castelo;N
12182999;3936;1;1;10;Y
12183020;2356;1;1;Nos primavera sound;N
12183011;1817;1;2;11 de Maio_Nos Primavera Sound;N
12183021;2356;1;2;Nos primavera sound;N
12183022;801567;1;3;10 de junho 2022;N
12183051;2496;1;2;Nos Primavera Sound;N
12183036;801567;1;1;9 de Junho 2022_CCR;N
12183115;1623;1;3;S. João;N
12183118;2496;1;6;S.João;N
12183300;2816;1;1;10_(apenas lin1);N
12183301;2816;1;3;30_(apenas lin1);N
12183302;2816;1;2;20_(apenas lin1);N
12183254;2516;1;3;30;Y
12183258;1848;1;2;Dia 3_setembro 2022_noite branca;N
12183303;1848;1;1;Srª do Rosário_23 e 30-09- e 7-10-2022;N
12183397;2116;1;2;25_(C);N
12183493;801005;1;6;Natal 2022_(19_22);N
12183638;2537;1;2;31 de dezembro 2022;N
12181314;802127;1;2;20_(MTSM-QQ)*;N
12183116;1801;1;1;23_junho 2022;N
12180365;1916;1;1;15_Reforço;N
12180933;1856;1;2;6 Fevereiro 2021 Covid;N
12183425;2976;1;2;24 de dezembro 2022;N
12180430;802108;1;1;Viagens;N
12180427;2196;1;1;(convid19)_Junho;N
12180762;1916;1;3;25 de dezembro 2021;N
12180497;1817;1;3;25 de dezembro 2021;N
12180481;2496;1;1;15_Reforço_Periferia (502);N
12180763;2376;1;3;25 de dezembro 2021;N
12180538;1897;1;3;25 de dezembro 2021;N
12180588;2576;1;1;15_Reforço;N
12180576;802067;1;1;15_Reforço;N
12180764;1877;1;3;25 de dezembro 2021;N
12180685;1842;1;1;24 de dezembro 2021;N
12180767;2356;1;3;25 de dezembro 2021;N
12180643;3256;1;3;35000;N
12180645;4018;1;2;25000;N
12180736;1837;1;1;24 de dezembro 2021;N
12180896;2516;1;6;Verão A;N
12180785;1838;1;1;31 de dezembro 2021;N
12180900;1616;1;1;Covid;N
12180888;802127;1;1;10_(MTSM-QQ)*;N
12180907;1616;1;2;Covid;N
12180908;1616;1;3;Covid;N
12182045;2456;1;1;10_estudo aeroporto;N
12181095;2396;1;2;27 Fevereiro 2021 covid;N
12180934;1916;1;1;Verão A 2020_(covid);N
12180941;2196;1;6;(convid19)_Janeiro 2021;N
12181108;1937;1;2;27 Fevereiro 2021 covid;N
12181098;2337;1;2;27 Fevereiro 2021 covid;N
12181010;801005;1;6;8 de Fevereiro 2021 Covid;N
12181020;1849;1;1;Verão A 2020_prol. viagens vazio (covid);N
12181031;1878;1;1;Verão A 2020_prol. viagens vazio (covid);N
12181036;2876;1;1;10_prol. viagens vazio (covid);N
12181040;802067;1;6;8 Fevereiro 2021 (Covid);N
12181127;2576;1;6;22 Fevereiro 2021 (Covid);N
12181134;2537;1;6;22 Fevereiro 2021 (Covid);N
12181159;1797;1;2;27 Fevereiro 2021 covid;N
12181170;1803;1;2;27 Fevereiro 2021 covid;N
12181180;1849;1;3;28 Fevereiro 2021 covid;N
12181315;802127;1;3;30_(MTSM-QQ)*;N
12181211;1855;1;3;28 Fevereiro (Covid 2021);N
12181225;1840;1;3;28 Fevereiro (Covid 2021);N
12181425;2538;1;6;Verão JS;N
12181446;802067;1;6;Verão JS;N
12181647;2576;1;1;15_Reforço_sem 601-900;N
12183490;2538;1;2;24 de dezembro 2022;N
12183476;2577;1;2;24 de dezembro 2022;N
12182105;2536;1;6;Ferias Escolares;N
12182122;1803;1;1;31 de dezembro 2021;N
12182143;802187;1;2;20;N
12182144;802187;1;3;30;N
12183512;801005;1;2;24 de dezembro 2022;N
12182528;801005;1;6;31 de dezembro 2021;N
12182342;2196;1;6;15;N
12182343;2196;1;2;20 em vigor;Y
12182344;2196;1;3;30 em vigor;Y
12182346;2556;1;3;25 de dezembro 2021;N
12183718;802127;1;2;10_(MTSM-QQ)*_SAE_Rendição Castelo;N
12182760;2337;1;1;Verão A _(UOF);N
12180205;1623;1;6;10;N
12182879;2257;1;1;Cortejo Queima 2022;N
12182880;1799;1;1;Cortejo Queima 2022;N
12182896;2376;1;3;30_(1 Maio);N
12180543;1848;1;3;25 de dezembro 2021;N
12180644;818;1;3;35000;N
12180584;1856;1;1;Cesar (10_12_10)_(C2)_(C);N
12180936;1797;1;1;Verão A 2020_(Covid);N
12180948;2196;1;1;(convid19)_Janeiro 2021;N
12181043;801667;1;1;Janeiro2021(Ferias escolares Covid DMK);N
12181143;802067;1;6;22 Fevereiro 2021 (Covid);N
12181160;1797;1;3;28 Fevereiro 2021 covid;N
12181200;1852;1;2;27 Fevereiro 2021 prol. viagens;N
12181218;802068;1;2;27 Fevereiro 2021 covid;N
12181221;1837;1;3;28 Fevereiro (Covid 2021);N
12181223;1845;1;2;27 Fevereiro (Covid 2021);N
12181240;801507;1;3;28 Fevereiro (Covid 2021);N
12182179;802187;1;3;25 de dezembro 2021;N
12181325;1917;1;1;10_(C)OPT;N
12183422;1797;1;2;24 de dezembro 2022;N
12183461;1920;1;2;24 de dezembro 2022;N
12182341;2576;1;3;25 de Dezembro 2021 (Obras);N
12181267;1800;1;1;ficheiro txt dom;N
12183533;1838;1;2;24 de dezembro 2022;N
12183532;1800;1;2;24 dezembro 2022;N
12183599;1842;1;2;31 de dezembro 2022;N
12183632;2576;1;2;31 de Dezembro_(obras);N
12181272;1837;1;1;ficheiro txt sab;N
12181274;1919;1;1;ficheiro txt sab;N
12181276;2337;1;1;ficheiro txt sab;N
12183633;1916;1;2;31 de dezembro 2022;N
12183658;3036;1;6;Teste_ 31 dezembro 2022;N
12183707;802127;1;1;10_(MTSM-QQ)*_SAE;N
12181547;2516;1;6;Verão JS;N
12182274;801507;1;1;31 de dezembro 2021;N
12182447;818;1;1;15_(obras);N
12182448;2816;1;1;15_(obras);N
12182469;1845;1;3;25 de dezembro 2021;N
12182966;801587;1;1;5 Maio 2022_CCR;N
12182485;2556;1;6;31 de dezembro 2021;N
12182967;801587;1;1;6 Maio 2022_CCR;N
12183028;802067;1;3;10 e 12 de maio_Nos Primavera Sound;N
12180120;2537;1;6;Férias escolares e Verão JS;N
12182887;1916;1;1;10_(Cortejo QF);N
12180432;802108;1;2;Viagens;N
12180495;1797;1;3;25 de dezembro 2021;N
12180556;1856;1;1;Cesar (10_12_10)_(C2);N
12181202;1838;1;3;28 Fevereiro (Covid 2021);N
12180534;1839;1;3;25 de dezembro 2021;N
12180811;4017;1;1;31 de dezembro 2021;N
12180729;1878;1;1;24 de dezembro 2021;N
12180947;2196;1;3;(convid19)_Janeiro 2021;N
12181107;1879;1;2;27 Fevereiro 2021 covid;N
12180756;1856;1;1;24 dezembro de 2021;N
12180952;2376;1;2;27 Fevereiro (Covid 2021);N
12183429;1918;1;2;24 de dezembro 2022;N
12182223;2456;1;1;31 de dezembro 2021;N
12180788;1851;1;1;31 de dezembro 2021;N
12180789;1855;1;1;31 de dezembro 2021;N
12181042;116;1;1;ferias escolares 2021_(Covid dmk cesar);N
12180814;801667;1;1;Ferias escolares e JS 2020;N
12182858;1856;1;1;formação;N
12181112;1879;1;3;28 Fevereiro 2021 covid;N
12180866;802067;1;1;15_Reforço_sem 604 -705;N
12181113;1937;1;3;28 Fevereiro 2021 covid;N
12181015;2617;1;6;8 de Fevereiro 2021 Covid;N
12181130;2556;1;6;22 Fevereiro 2021 (Covid);N
12181022;2976;1;1;Verão A 2020_prol. viagens vazio (covid);N
12181023;1799;1;1;Verão A 2020_prol. viagens vazio (covid);N
12181025;2337;1;1;Verão A 2020_prol. viagens vazio (covid);N
12181028;1936;1;1;Verão A 2020 _prol. viagens vazio (covid);N
12181029;1843;1;1;Verão A 2020_prol. viagens vazio (covid);N
12181030;801165;1;1;Verão A 2020_prol. viagens vazio (covid);N
12181032;1817;1;1;Verão A 2020_prol. viagens vazio (covid);N
12181048;1854;1;2;27 Fevereiro 2021 covid;N
12181131;2577;1;6;22 Fevereiro 2021 (covid);N
12181162;1816;1;2;27 Fevereiro 2021 covid;N
12181065;1796;1;3;28 Fevereiro (Covid 2021);N
12181169;1801;1;3;28 Fevereiro 2021 covid;N
12181174;1839;1;3;28 Fevereiro 2021 covid;N
12181207;1920;1;3;28 Fevereiro (Covid 2021);N
12181208;1857;1;2;27 Fevereiro (Covid 2021);N
12181214;1856;1;2;27 Fevereiro (Covid 2021);N
12181215;1856;1;3;28 Fevereiro (Covid 2021);N
12181219;802068;1;3;28 Fevereiro 2021 covid;N
12181220;1837;1;2;27 Fevereiro (Covid 2021);N
12181235;1845;1;3;Covid 2021;N
12181238;1919;1;3;28 Fevereiro (Covid 2021);N
12181251;801005;1;3;28 Fevereiro 2021 covid;N
12181317;1616;1;6;A partir de 10 de Março de 2021;N
12181319;1616;1;3;A partir de 14 de Março de 2021;N
12181509;2516;1;3;35;N
12181527;2356;1;1;Verão A (*apagar);N
12182889;801607;1;3;1_Maio;N
12181586;3936;1;2;8 de maio de 2021;N
12183114;1620;1;3;S. João;N
12183342;1847;1;3;35;N
12182918;2116;1;1;Verão 2022;N
12182244;802067;1;6;24 de dezembro 2021;N
12182950;1256;1;1;3 Maio 2022_CCR;N
12183015;801567;1;1;9 de junho 2022;N
12183035;1838;1;3;Nos Primavera Sound;N
12183102;1937;1;1;23_Junho 2022;N
12183122;801005;1;6;S. João;N
12183125;2556;1;6;23_Junho 2022;N
12183343;2876;1;3;35;N
12183218;2577;1;2;20;Y
12183433;1803;1;2;24 de dezembro 2022;N
12183245;1817;1;2;Verão JAS;N
12183444;1844;1;2;24 de dezembro 2022;N
12183446;1848;1;2;24 de dezembro 2022;N
12183466;1856;1;2;24 de dezembro 2022;N
12183515;1919;1;2;24 de dezembro 2022;N
12183604;1622;1;3;1 de janeiro de 2023;N
12183531;2516;1;2;24 de dezembro 2022;N
12183634;2496;1;2;31 dezembro 2022;N
12183642;2516;1;2;31 de dezembro de 2022;N
12180536;2456;1;3;25 de dezembro 2021;N
12180102;2617;1;2;20;Y
12181007;801667;1;1;Verão A DMK;N
12182478;2576;1;6;31 de dezembro 2021;N
12180514;2556;1;1;15_ Reforço;N
12180573;3996;1;1;15_Reforço Estudo;N
12180660;2556;1;3;30;Y
12180755;1851;1;1;24 de dezembro 2021;N
12181139;2538;1;6;22 Fevereiro 2021 (Covid);N
12181153;2536;1;6;22 de Fevereiro 2021 Covid;N
12181100;1843;1;2;27 Fevereiro 2021 covid;N
12181163;1816;1;3;28 Fevereiro 2021 covid;N
12181241;801125;1;2;27 Fevereiro (Covid 2021);N
12181228;3996;1;3;28 Fevereiro (Covid 2021);N
12181242;801125;1;3;28 Fevereiro (Covid 2021);N
12181306;2356;1;3;35_(Anemona);N
12181369;801005;1;6;22 de Março 2021 Covid;N
12181854;2116;1;2;20210603_CE;N
12181567;801627;1;2;8 Maio 2021 (cimeira);N
12181857;3256;1;3;22_20210603;N
12181859;2816;1;3;1_22;N
12182970;1256;1;1;6 Maio 2022_CCR;N
12182971;1256;1;2;7 Maio 2022_CCR;N
12183132;802068;1;6;23_Junho 2022;N
12182152;2576;1;3;35 (obras);Y
12182155;2576;1;6;Ferias escolares e Verão JS(obras);N
12183000;4020;1;2;20;Y
12183004;3936;1;2;20;Y
12183023;801567;1;2;11 de junho 2022;N
12183001;4020;1;3;30;Y
12183002;4020;1;6;10;N
12183032;801567;1;3;10 de Junho 2022_CCR;N
12183426;1801;1;2;24 de dezembro 2022;N
12183340;2856;1;3;35;N
12183341;1847;1;2;25;N
12183377;1626;1;3;Evento1500;N
12183505;802068;1;2;24 de dezembro 2022;N
12183704;2516;1;1;15_(108_Vai_Vem);N
12180541;1844;1;3;25 de dezembro 2021;N
12180206;1624;1;2;20;Y
12180207;1624;1;3;30;Y
12180208;1624;1;6;10;N
12180480;801005;1;1;Estudo_Reforço_Periferia_(704);N
12180640;2116;1;3;350000;N
12181204;1920;1;2;27 Fevereiro (Covid 2021);N
12181111;2556;1;3;28 Fevereiro 2021 covid;N
12180641;2116;1;2;25000;N
12180669;1817;1;1;24 de dezembro 2021;N
12180966;2337;1;3;28 Fevereiro 2021 covid;N
12180765;1800;1;3;25 de dezembro 2021;N
12180777;1916;1;1;31 de dezembro 2021;N
12181117;2537;1;2;27 Fevereiro 2021 covid;N
12181106;2556;1;2;27 Fevereiro 2021 covid;N
12180940;2538;1;6;Verão A 2020_(Covid);N
12181009;2537;1;6;8 Fevereiro 2021 (Covid);N
12181011;2538;1;6;8 Fevereiro 2021 (Covid);N
12181016;2576;1;6;8 Fevereiro 2021 (Covid);N
12181026;1854;1;1;Verão A 2020_prol. viagens vazio (covid);N
12181027;116;1;1;Verão A 2021_(Covid dmk cesar);N
12181033;1803;1;1;10_prol. viagens vazio (covid);N
12181034;1852;1;1;Verão A 2020_prol. viagens vazio (covid);N
12181035;1801;1;1;F.esc. e Verão JAS_prol. viagens vazio (covid);N
12181171;1839;1;2;27 Fevereiro 2021 covid;N
12181088;1800;1;3;28 Fevereiro (Covid 2021);N
12181120;2537;1;3;28 Fevereiro 2021 covid;N
12181140;1797;1;1;Verão A 2020 prol. viagens_(Covid);N
12181189;2576;1;3;28 Fevereiro 2021 covid;N
12181316;2356;1;1;Verão A 2020(Cesar PCSS);N
12183374;2556;1;1;Teste Rui Pereira;N
12183364;2516;1;6;Férias Escolares 2022;N
12182856;1838;1;1;formação;N
12181848;3256;1;1;22_20210603;N
12183434;1839;1;2;24 de dezembro 2022;N
12182992;801548;1;6;10;N
12182125;2337;1;1;31 de dezembro 2021;N
12182129;1897;1;1;31 de dezembro 2021;N
12182380;2496;1;3;25 de dezembro 2021;N
12182994;801548;1;3;30;N
12183110;1625;1;3;S.João;N
12183259;2537;1;2;Dia 3_ setembro 2022_ Noite branca;N
12183484;2537;1;2;24 de dezembro 2022;N
12183577;1618;1;3;1 de janeiro de 2023;N
12183598;1848;1;2;31 de dezembro 2022;N
12183602;1843;1;2;31 de dezembro 2022;N
12180754;1838;1;1;24 de dezembro 2021;N
12183375;2538;1;1;Testes Rui Pereira;N
12182252;2376;1;1;31 dezembro 2021;N
12182134;1936;1;1;31 de dezembro 2021;N
12180454;2337;1;1;15_Reforço;N
12183376;1620;1;3;Halloween;N
12180885;802068;1;6;Verão A;N
12180474;1848;1;1;15_Reforço;N
12181545;801005;1;6;Verão JS 2021(Analise/Apagar);N
12182961;801607;1;3;1_Maio_(C);N
12182972;801587;1;2;7 Maio 2022_CCR;N
12160923;1916;1;1;Férias escolares;N
12183560;2496;1;3;25 de dezembro 2022;N
12179199;3996;1;3;350(Covid19);N
12183680;2538;1;6;Verão JS _2023;N
6039261;3416;1;2;20;Y
6039263;3416;1;3;30;Y
6039265;3416;1;6;10;N
12183640;801005;1;2;31 de dezembro de 2022;N
12174638;1920;1;1;31 de dezembro 2021;N
12174670;2476;1;1;31 de dezembro 2021;N
12177975;1925;1;3;30 apagar;N
12164084;1616;1;3;Apagar;N
12115257;116;1;3;30;Y
12166225;3036;1;2;Apagar;N
12178103;1879;1;1;10;Y
12167669;2396;1;2;20;Y
12173318;2356;1;1;24 de dezembro 2020;N
12178106;1937;1;2;20;Y
12178125;1801;1;1;10;Y
12178120;1844;1;2;20;Y
12178129;1918;1;2;20;Y
12163871;1622;1;3;1 de janeiro de 2020;N
12136763;1847;1;3;30;Y
12171190;801587;1;3;1 maio 2022;N
12168949;2396;1;3;25 de dezembro 2021;N
12167689;2396;1;3;30;Y
12171150;1256;1;3;1 maio 2022;N
12180345;1797;1;1;15_Reforço;N
12173279;2337;1;1;24 de dezembro 2021;N
12180468;801005;1;1;15_(Menos a 107);N
12180661;2257;1;1;24 de dezembro 2021;N
12180790;1856;1;1;31 dezembro de 2021;N
12181190;1842;1;3;28 Fevereiro 2021 covid;N
12167369;1849;1;2;20;Y
12183420;1916;1;2;24 de dezembro 2022;N
12181237;1919;1;2;27 Fevereiro (Covid 2021);N
12167549;801807;1;1;10;N
12181083;1916;1;3;28 Fevereiro (Covid 2021);N
12181243;801907;1;3;28 Fevereiro (Covid 2021);N
12170952;818;1;1;Verão_ 2020;N
12181254;2516;1;2;27 Fevereiro 2021 covid;N
12171169;1256;1;1;2 maio 2022;N
12171170;1256;1;1;3 maio 2022;N
12182230;1848;1;1;31 de dezembro 2021;N
12171594;801587;1;1;6 maio 2022;N
12181855;2116;1;3;20210603_CE;N
12171289;2257;1;1;15_UON apagar;N
12181856;3256;1;2;22_20210603;N
12182898;1877;1;3;30_(1 Maio);N
12183037;801567;1;2;11 de Junho 2022_CCR;N
12182947;801587;1;2;30 Abril 2022_CCR;N
12182249;801125;1;1;31 dezembro 2021;N
12182270;2356;1;1;31 de dezembro 2021;N
12181858;2816;1;2;1_22;N
12178562;3996;1;3;30;Y
12178115;1849;1;3;30;Y
12178564;2337;1;3;30apagar;N
12183009;1817;1;3;10 e 12 de Maio_Nos Primavera Sound;N
12183038;801567;1;3;12 de Junho 2022_CCR;N
12182519;2536;1;6;31 de dezembro 2021;N
12182302;2356;1;1;24 dezembro 2021;N
12178199;1797;1;1;10;Y
12178117;1843;1;1;10;Y
12173815;2356;1;3;30;Y
12179127;1853;1;1;Férias escolares  e Verão A;N
12178702;1848;1;2;20;Y
12183453;1854;1;2;24 de dezembro 2022;N
12182318;2496;1;6;24 de dezembro 2021;N
12178254;1923;1;2;20;Y
12178133;1803;1;1;10;Y
12179022;2456;1;3;30;Y
12174369;801967;1;1;10;N
12179029;2537;1;3;30;Y
12178146;1616;1;1;10;Y
12182321;801005;1;6;24 de dezembro 2021;N
12174659;1918;1;1;31 de dezembro 2021;N
12174663;1845;1;1;31 de dezembro 2021;N
12183454;1936;1;2;24 de dezembro 2022;N
12182770;2496;1;1;10;Y
12183601;1620;1;3;1 de janeiro de 2023;N
12178147;1616;1;2;20;Y
12178160;1616;1;6;10;N
12178338;1800;1;1;10(apagar);Y
12178864;2536;1;1;10;Y
12182877;802227;1;1;Cortejo Queima 2022;N
12183623;2356;1;2;31 de dezembro 2022;N
12173254;1816;1;1;24 de dezembro 2021;N
12178258;2476;1;1;10;Y
12166729;801767;1;2;20;N
12178834;801005;1;2;20;Y
12171089;2116;1;2;Verão 2020;N
12178313;1916;1;1;10;Y
12167589;1918;1;3;30;Y
12168969;1879;1;3;25 de dezembro 2021;N
12178357;2257;1;1;10;Y
12178870;802067;1;2;20;Y
12178932;3996;1;1;Férias escolares e Verão JS;N
12178589;1855;1;3;30;Y
12171090;2116;1;3;Verão 2020;N
12178622;1626;1;2;25;N
12178623;1626;1;3;35;N
12178987;1918;1;1;Verão A;N
12178624;1627;1;1;15;N
12178625;1627;1;2;25;N
12172369;1619;1;3;24 de Junho de 2019(30_30_P.Pedra);N
12178626;1627;1;3;35;N
12178627;2196;1;1;10 em vigor;Y
12179046;1852;1;1;Verão A;N
12179058;1796;1;1;Férias escolares e Verão JS;N
12173313;1898;1;1;24 de dezembro 2021;N
12179066;2376;1;1;Férias escolares;N
12179068;2376;1;1;Verão A;N
12179153;2257;1;1;Ferias escolares e Verão JS;N
12174390;801967;1;2;20;N
12179172;1799;1;1;Verão A;N
12179166;1796;1;1;350(Covid19);N
12182255;1877;1;1;31 dezembro 2021;N
12180502;1803;1;3;25 de dezembro 2021;N
12180515;2538;1;1;15_ Reforço;N
12180647;2816;1;2;25000;N
12178228;1816;1;1;10;Y
12180946;2196;1;2;(convid19)_Janeiro 2021;N
12181002;2556;1;6;8 Fevereiro 2021 (Covid);N
12166970;1879;1;3;30;Y
12180799;3996;1;3;25 de dezembro 2021;N
12181004;2577;1;6;8 Fevereiro 2021 (Covid);N
12180801;1840;1;3;25 de dezembro 2021;N
12181018;2516;1;6;8 de Fevereiro 2021 Covid;N
12180812;2257;1;1;31 de dezembro 2021;N
12181051;1854;1;3;28 Fevereiro 2021 covid;N
12179027;2576;1;3;30;N
12178786;1800;1;3;30;Y
12181179;2356;1;2;25_(Anemona);N
12181087;1800;1;2;27 Fevereiro (Covid 2021);N
12181099;1918;1;2;27 Fevereiro 2021 covid;N
12181103;1844;1;3;28 Fevereiro 2021 covid;N
12181121;1843;1;3;28 Fevereiro 2021 covid;N
12178411;1917;1;3;30;Y
12178507;1919;1;3;30;Y
12178152;1854;1;3;30;Y
12181196;1817;1;2;27 Fevereiro 2021 covid;N
12181365;2496;1;6;22 de Março 2021 Covid;N
12181366;2617;1;6;22 de Março 2021 Covid;N
12181368;2536;1;6;22 de Março 2021 Covid;N
12178107;1937;1;3;30;Y
12182237;1879;1;1;24 de dezembro 2021;N
12181385;2556;1;6;Verão JS;N
12178349;801125;1;1;10;Y
12178233;1922;1;1;10;Y
12181508;2356;1;3;35;N
12183105;1619;1;3;S. João(30_30);N
12181530;1916;1;3;Verão JAS;N
12174069;1878;1;1;Ferias escolares e Verão JS;N
12178108;2356;1;1;10;Y
12178998;2456;1;2;20;Y
12181531;1916;1;2;Verão JAS;N
12179042;2617;1;3;30;Y
12178121;1844;1;3;30;Y
12178123;1847;1;1;10;Y
12182360;2536;1;3;25 de dezembro 2021;N
12181532;2637;1;3;Verão JAS;N
12181533;2637;1;2;Verão JAS;N
12178128;1918;1;1;10;Y
12182894;802068;1;1;Dia do cortejo queima 2022;N
12182917;1256;1;2;30 Abril 2022_opt;N
12178261;2476;1;3;30;Y
12178135;1803;1;3;30;Y
12182958;801587;1;1;2 Maio 2022_CCR;N
12183053;2496;1;3;Nos Primavera Sound;N
12183163;1925;1;2;20;Y
12182123;1839;1;1;31 de dezembro 2021;N
12178167;1936;1;3;30;Y
12166730;801767;1;3;30;N
12178168;2316;1;3;30;N
12178190;1916;1;2;20;Y
12178295;1842;1;1;10;Y
12183349;1925;1;1;Verão A_2023;N
12182149;2576;1;2;25_(obras);Y
12183378;2536;1;6;Ferias Escolares 2022_(Obras 403)apagar;N
12183421;1917;1;2;24 de dezembro 2022;N
12178883;1856;1;1;Férias escolares;N
12178550;1838;1;3;30;Y
12169289;1840;1;1;Verão A;N
12183387;2577;1;3;25 de dezembro 2022;N
12183423;1816;1;2;24 de dezembro 2022;N
12171592;801587;1;1;4 maio 2022;N
12171593;801587;1;1;5 maio 2022;N
12178662;1817;1;2;20;Y
12183424;1898;1;2;24 de dezembro 2022;N
12183449;2856;1;2;24 de dezembro 2022;N
12183452;2316;1;2;24 de dezembro 2022;N
12178927;1845;1;1;Férias escolares e Verão JS;N
12179069;1797;1;1;Verão A;N
12183460;802187;1;2;24 de dezembro 2022;N
12183516;1840;1;2;24 de dezembro 2022;N
12183517;1851;1;2;24 de dezembro 2022;N
12174012;1920;1;2;20;Y
12174055;801947;1;1;10;N
12179248;1925;1;1;Verão A apagar;N
12179275;1916;1;2;Verão JAS 2020;N
12174656;2396;1;1;31 de dezembro 2021;N
12174714;1937;1;1;31 de dezembro 2021;N
12179286;1851;1;1;Verão A;N
12179291;1919;1;1;Verão A;N
12179295;1877;1;1;Verão A;N
12179296;1817;1;1;Verão JS;N
12179067;1797;1;1;Verão JS;N
12180425;1845;1;1;150_Reforço;N
12180752;1857;1;1;24 de dezembro 2021;N
12177791;801165;1;1;24 de dezembro 2021;N
12181217;1925;1;2;27 Fevereiro (Covid 2021);N
12180809;1817;1;1;31 de dezembro 2021;N
12179038;1916;1;1;Verão JS;N
12177429;2196;1;6;10;N
12177430;2196;1;2;20;N
12180786;1919;1;1;31 de dezembro 2021;N
12181122;1918;1;3;28 Fevereiro 2021 covid;N
12181175;2856;1;2;27 Fevereiro 2021 covid;N
12181281;1855;1;1;ficheiro txt sab;N
12181536;1837;1;1;Verão JS;N
12179016;2538;1;2;20;Y
12181550;801005;1;3;Verão JAS;N
12182147;802207;1;3;30;N
12181565;801627;1;1;6 Maio 2021 (cimeira);N
12181566;801627;1;1;7 Maio 2021 (cimeira);N
12182130;1922;1;1;31 de dezembro 2021;N
12182158;2576;1;1;15_Obras;Y
12182733;2337;1;1;Ferias escolares e Verão JS _(UOF);N
12183540;2496;1;2;24 de dezembro 2022;N
12178105;1937;1;1;10;Y
12178110;1849;1;1;10;Y
12178114;1848;1;3;30;Y
12182772;2496;1;3;30;Y
12178159;1628;1;6;10;N
12179147;1919;1;1;Férias escolares e Verão JS;N
12182921;2116;1;2;Verão 2022;N
12179208;1855;1;3;350(Covid19);N
12183314;801907;1;1;15_(Obras);N
12182781;2816;1;1;15_(obras)_(C);N
12182922;2116;1;3;Verão 2022;N
12182923;818;1;2;Verão 2022_(obras);N
12183319;2536;1;3;30_(Obras);N
12179320;801125;1;1;350(Covid19);N
12183513;1837;1;2;24 de dezembro 2022;N
12178418;2556;1;1;10;Y
12179310;2356;1;1;35_Covid;N
12182924;818;1;3;Verão 2022_(obras);N
12179313;2337;1;1;350(Covid19);N
12182925;2816;1;2;Verão 2022_(OBRAS);N
12179336;3996;1;1;350(Covid19);N
12179331;1855;1;1;350(Covid19);N
12182926;2816;1;3;Verão 2022_(OBRAS);N
12182974;1877;1;1;10_(C);N
12182995;802287;1;1;10;N
12183006;802248;1;1;151-BRT;N
12183056;1616;1;3;1 de janeiro 2023;N
12183057;1616;1;3;D10_12_Nos Primavera Sound;N
12183069;802067;1;2;Estudo_2 descansos;N
12179429;1897;1;1;Férias escolares e Verão JS;N
12183111;1879;1;1;23_Junho 2022;N
12183119;2576;1;6;23_junho 2022;N
12183128;2516;1;6;S. João;N
12183162;1925;1;1;10;Y
12183249;2516;1;1;10;Y
12179546;1842;1;1;Férias escolares e Verão JS;N
12179590;1817;1;2;Verão JAS apagar;N
12179589;2257;1;1;Verão A;N
12179595;1922;1;1;Verão A;N
12179664;1839;1;1;Verão A;N
12179610;1878;1;1;Verão A;N
12179612;1924;1;1;Ferias escolares e Verão JAS;N
12179626;1797;1;2;Verão JAS;N
12179633;1797;1;3;Verão JAS;N
12179666;1916;1;1;Verão A;N
12179694;2538;1;2;Verão JAS;N
12180359;2976;1;1;15_Reforço;N
12180510;801005;1;1;Estudo_Reforço_Periferia_(704 e 907);N
12180528;1844;1;1;15_Reforço;N
12177298;1796;1;1;10;Y
12178109;1848;1;1;10;Y
12180771;1920;1;3;25 de dezembro 2021;N
12180544;1849;1;3;25 de dezembro 2021;N
12182146;802207;1;2;20;N
12179931;2576;1;6;Verão A;N
12178690;1898;1;2;20;Y
12178544;3996;1;1;10;Y
12182530;2538;1;6;31 de dezembro 2021;N
12182848;1796;1;1;formação;N
12180830;3996;1;1;15_Reforço;N
12181226;3996;1;2;27 Fevereiro (Covid 2021);N
12182541;2617;1;6;31 de dezembro 2021;N
12181097;2396;1;3;28 Fevereiro 2021 covid;N
12181102;1844;1;2;27 Fevereiro 2021 covid;N
12178770;1877;1;3;30;Y
12177649;802047;1;3;30;N
12178587;1855;1;2;20;Y
12181104;1848;1;2;27 Fevereiro 2021 covid;N
12177829;801627;1;3;17 janeiro 2021 (Eleições);N
12178631;1837;1;3;30;Y
12179935;802067;1;6;Verão A;N
12181116;2577;1;3;28 Fevereiro 2021 covid;N
12179966;802068;1;6;Férias escolares e Verão JS;N
12181156;1840;1;1;1500;N
12178069;2816;1;2;Inverno 2019/2020;N
12179545;1922;1;1;Ferias escolares e Verão JS;N
12178070;2816;1;3;Inverno 2019/2020;N
12178930;1855;1;1;Verão A;N
12178127;2396;1;1;10;Y
12178260;1817;1;3;30;Y
12178137;1839;1;2;20;Y
12178154;1936;1;1;10;Y
12178172;1625;1;2;20;Y
12178173;1625;1;3;30;Y
12178823;801507;1;2;20;Y
12178830;802068;1;2;20;Y
12178179;1625;1;6;10;N
12178196;1837;1;1;10;Y
12181184;1924;1;2;27 Fevereiro 2021 covid;N
12178262;1851;1;1;10;Y
12178264;1851;1;3;30;Y
12178841;2617;1;1;10;Y
12178981;1844;1;1;Férias escolares e Verão JS;N
12181253;2617;1;3;28 Fevereiro 2021 covid;N
12178995;2576;1;1;10;N
12179014;2576;1;2;20;N
12179025;1897;1;3;30;Y
12179034;802068;1;3;30;Y
12183298;2116;1;1;10;N
12179201;1877;1;1;350(Covid19);N
12183305;1848;1;2;Srª do Rosário_24-09 e 1-10-2022;N
12183316;801907;1;3;35_(Obras);N
12183029;802067;1;2;11 de maio_Nos Primavera Sound;N
12179298;2337;1;1;Verão A;N
12179301;1916;1;1;15_Covid;N
12182597;2196;1;6;10 em vigor;N
12180496;1816;1;3;25 de dezembro 2021;N
12180500;4017;1;3;25 de dezembro 2021;N
12180535;2337;1;3;25 de dezembro 2021;N
12180537;1842;1;3;25 de dezembro 2021;N
12180542;2476;1;3;25 de dezembro 2021;N
12180545;801366;1;3;25 de dezembro 2021;N
12181037;801667;1;1;Janeiro2021(Covid DMK);N
12180574;1923;1;1;15_reforço;N
12180577;802068;1;1;15_Reforço_ sem 706-707;N
12180606;2577;1;1;15_ Reforço;N
12181133;2316;1;2;22 Fevereiro prol. viagens (covid);N
12181198;802067;1;2;27 Fevereiro 2021 covid;N
12180705;4017;1;1;24 de dezembro 2021;N
12180726;1922;1;1;24 de dezembro 2021;N
12181046;1936;1;2;27 Fevereiro 2021 covid;N
12181089;801907;1;2;27 Fevereiro (Covid 2021);N
12181252;2617;1;2;27 Fevereiro 2021 covid;N
12182906;801607;1;1;Cortejo Queima 2022;N
12181546;2617;1;6;Verão JS 2021(apagar);N
12182910;2376;1;1;Cortejo Queima 2022;N
12182901;2496;1;1;Queima dia do cortejo 2022;N
12183052;1817;1;1;Estudo 2 descansos;N
12182997;802287;1;2;20;N
12182239;1879;1;1;31 de dezembro 2021;N
12183381;1623;1;3;Halloween;N
12182240;2577;1;6;24 de dezembro 2021;N
12182268;2556;1;6;24 de dezembro 2021;N
12182452;818;1;2;25_(obras);N
12182455;818;1;3;35_(obras);N
12182456;2816;1;2;25_(obras);N
12182457;2816;1;3;35_(obras);N
12183054;1922;1;1;Estudo 2 descansos;N
12183083;2536;1;6;Verão JS;N
12183085;802068;1;3;Estudo_2 descansos apagar;N
12183101;1849;1;1;23_Junho 2022;N
12183112;1848;1;3;24_Junho 2022;N
12183131;2537;1;6;23_Junho 2022;N
12183195;2577;1;3;30;Y
12183391;2536;1;3;25 de Dezembro (403)APAGAR;N
12183564;1849;1;2;31 de dezembro 2022;N
12183419;2816;1;1;10_(apenas lin1)_(C);N
12183435;2456;1;2;24 de dezembro 2022;N
12183436;1842;1;2;24 de dezembro 2022;N
12183439;1922;1;2;24 de dezembro 2022;N
12183463;1855;1;2;24 de dezembro 2022;N
12183603;1844;1;2;31 de dezembro 2022;N
12183482;2536;1;6;Ferias Escolares 2022_(19_22)apagar;N