ID;SEG_ID;PATH_VERSION_ID;LENGTH;PTSG_ORDER
4029590;1004126;1026103;1249;5
4012327;4001201;4004200;1848;2
4029591;1004129;1026103;5067;6
4029592;1907;4004122;1500;1
4029593;1003081;4004122;4228;2
4012328;1000682;4004200;1490;3
4012336;1004215;4004201;780;1
4029594;1055;4004122;4480;3
4024167;4004314;4006260;3855;2
4024186;4004315;4006261;3825;1
4024187;997;4006261;2828;2
4029595;4002875;4004122;5005;4
4029596;1907;4004440;1500;1
4029597;1003081;4004440;4228;2
4029598;1055;4004440;4480;3
4012337;1000678;4004201;2410;2
4012338;1000681;4004201;1535;3
4012339;4001203;4004201;1929;4
4016226;4001601;4002009;1921;1
4016227;4001605;4002009;1800;2
4016228;4001607;4002011;1907;1
4016229;4001603;4002011;1292;2
4029766;4005414;4007720;13200;1
4007066;1003484;4003179;2620;1
4007067;1003482;4003179;1722;2
4007068;4002373;4003179;2264;3
4030566;4000047;4005241;5498;1
4030506;4002456;4003322;5086;1
4030750;1003721;4007860;2391;1
4030751;1000832;4007860;1973;2
4029626;1000931;1024812;1958;1
4029627;1003303;1024812;1991;2
4029628;1000671;1024812;426;3
4029629;1000404;1024812;1593;4
4029630;1000637;1024812;4450;5
4029646;1000672;4006180;786;1
4029647;4004254;4006180;7327;2
4007074;1000045;4003159;946;1
4007075;1003484;4003159;2620;2
4007076;1003482;4003159;1722;3
4007077;4002373;4003159;2264;4
4012340;1003142;4004201;2880;5
4016268;1004141;1026115;4376;1
4016269;1004143;1026115;4846;2
4023906;1000045;4003821;946;1
4023907;1000176;4003821;1714;2
4016949;1013;1024749;1385;1
4016950;1021;1024749;3258;2
4016951;1492;1024749;4176;3
4023908;1000235;4003821;906;3
4023909;1003482;4003821;1686;4
4020846;1002781;1024707;2460;1
4029648;1003223;4006180;3039;3
4002933;4001565;4001965;10700;1
4002935;4001567;4001967;10700;1
4023910;1789;4003821;2210;5
4029649;1355;4006180;556;4
4029650;1000462;1025177;786;1
4029651;1003221;1025177;7327;2
4004441;4001763;4002203;3200;1
4004443;4001761;4002201;3620;1
4020847;1000509;1024707;1920;2
4006041;4002325;4003089;8878;1
4006043;4002327;4003091;8892;1
4006210;950;12638;1910;1
4029652;1003223;1025177;3039;3
4006250;834;12216;7727;1
4029653;1355;1025177;556;4
4029654;1003221;4004460;8008;1
4029655;1003223;4004460;3039;2
4029656;1355;4004460;556;3
4030752;1004134;4007860;1895;3
4006251;1078;24669;7254;1
4006252;318;2388;5589;1
4006253;1001279;1022944;7213;1
4006254;1001280;1022945;6693;1
4006255;319;2389;6456;1
4023911;1790;76404;3105;1
4023912;1789;76402;2022;1
4023915;1003483;1025475;2521;3
4024426;421;4001241;4134;1
4024427;4000961;4001241;3585;2
4024428;1000470;4001241;4438;3
4024429;1001520;4001241;4770;4
4024430;1001519;4001243;5275;1
4024431;1000469;4001243;4574;2
4024432;4000963;4001243;2608;3
4024433;419;4001243;4508;4
4024506;4002041;4002603;5559;1
4024507;4002081;4002603;2843;2
4024508;997;4002603;4632;3
4024509;1000839;4002603;1457;4
4030753;1000775;4007860;2314;4
4030567;4000043;4005241;899;2
4029666;4004254;1025181;7398;1
4029667;1003223;1025181;3039;2
4016946;1491;1024750;4137;1
4016947;1020;1024750;3017;2
4016948;1012;1024750;1417;3
4029668;1355;1025181;556;3
4024586;1000682;1024794;1237;1
4029669;4004254;1025183;8008;1
4029670;1003223;1025183;3039;2
4029671;1355;1025183;556;3
4030258;4005575;4007901;956;1
4030259;4005578;4007903;7936;1
4030507;4002457;4003323;4600;1
4029712;4004755;4006721;10910;1
4029713;4004754;4006720;11030;1
4030254;4005574;4007900;956;1
4030526;4002454;4003320;11580;1
4020840;1001639;4004682;2983;1
4020841;250;4004682;4699;2
4030256;4005577;4007902;7960;1
4030527;4002455;4003321;11560;1
4030546;1003208;1025154;4641;1
4030547;1003204;1025154;6850;2
4030548;1003202;1025154;2729;3
4030568;1003208;4003981;4641;1
4030569;1003204;4003981;6798;2
4030570;4000043;4003981;780;3
4030571;4000047;4005961;5927;1
4030572;1003202;4005961;2724;2
4030586;4005654;4007960;4821;1
4030606;4005674;4007980;12000;1
4030588;4005655;4007961;4835;1
4030589;4005656;4007962;7198;1
4030590;4005657;4007963;7325;1
4030646;4005555;4007841;4600;1
4012126;4003014;4004340;6850;1
4012329;1000677;4004200;2890;4
4012330;1004214;4004200;780;5
4012331;1003141;4004202;3050;1
4012332;4001201;4004202;1848;2
4012333;1000682;4004202;1490;3
4012334;1000677;4004202;2890;4
4012335;1000807;4004202;780;5
4012341;1000808;4004203;780;1
4012342;1000678;4004203;2410;2
4012343;1000681;4004203;1535;3
4012344;4001203;4004203;1929;4
4012345;1003142;4004203;2880;5
4030626;4005675;4008000;10000;1
4030647;4005554;4007840;3000;1
4012364;1492;4004220;3910;1
4030754;1147;4007860;3083;5
4017006;4003534;4004960;15000;1
4030726;1003721;4005860;2199;1
4024587;1000677;1024794;1896;2
4024588;1000807;1024794;1292;3
4017007;4003535;4004961;15000;1
4030727;1539;4005860;3442;2
4030728;290;4005860;1235;3
4030729;1004123;4005860;5476;4
4012365;1000630;4004220;2090;2
4012366;1003365;4004220;3890;3
4012367;1003366;4004221;3750;1
4012368;1000629;4004221;2110;2
4012369;1491;4004221;3910;3
4024589;1000808;1024795;780;1
4024590;1000678;1024795;2410;2
4024591;1000681;1024795;1535;3
4017152;1003201;1025153;2563;1
4017153;1003203;1025153;6201;2
4017154;1003207;1025153;5412;3
4030730;1004125;4005860;1518;5
4030731;1001801;4005860;3317;6
4030732;1001819;4005860;2340;7
4024598;1000807;1024353;1292;1
4024599;1000808;1024352;1331;1
4024600;1000682;4006780;1237;1
4024601;1000677;4006780;1896;2
4012384;1000751;4004360;3200;1
4012385;1003104;4004360;4280;2
4012386;1003102;4004360;5870;3
4012387;1003101;4004361;5150;1
4012388;1003103;4004361;4160;2
4012389;1000750;4004361;3830;3
4024602;1004214;4006780;926;3
4024603;1004215;4006781;941;1
4024604;1000678;4006781;2077;2
4024605;1000681;4006781;1532;3
4030739;1003721;1026102;2199;1
4030740;1539;1026102;3442;2
4030741;290;1026102;1235;3
4030742;1004123;1026102;5476;4
4030743;1003721;1026107;2391;1
4030744;1000832;1026107;1973;2
4030745;1004134;1026107;1895;3
4024606;1000682;1026176;1228;1
4024607;1000677;1026176;1896;2
4024608;1004214;1026176;926;3
4030746;1000775;1026107;2314;4
4024609;1004215;1026177;941;1
4024610;1000678;1026177;2077;2
4030747;1147;1026107;3083;5
4030748;1004137;1026107;1757;6
4030749;1004139;1026107;3927;7
4014173;1003901;4004102;2970;1
4014174;1003903;4004102;4040;2
4016806;4003474;4004900;800;1
4014175;4002854;4004102;2359;3
4016807;4003475;4004900;1600;2
4016886;1003981;1025995;6410;1
4016906;942;12631;12389;1
4029786;4005434;4007740;10000;1
4030755;1004083;4003680;2587;1
4030756;1001166;4003680;5220;2
4016828;4003474;4004901;802;1
4016829;1003542;4004901;1338;2
4030757;1479;4003680;2396;3
4030758;1851;4003680;7286;4
4030759;1853;4003680;5401;5
4013949;1706;1024708;1770;1
4013950;1002782;1024708;2505;2
4014176;1002721;4004100;4900;1
4030760;1215;4007180;8350;1
4030761;1479;4007180;2070;2
4012726;4003034;4004420;1202;1
4012727;1002861;4004420;1585;2
4016866;1002599;1024424;10000;1
1387;1003881;1025893;4500;1
4012728;1000043;4004420;900;3
4012729;1000045;4004421;946;1
4030762;1851;4007180;8150;3
4016926;1002600;1024425;10000;1
4016927;1003982;1025996;6440;1
4016928;944;12633;12117;1
1394;1004106;1026075;5500;1
1395;1004107;1026076;5500;1
1396;1004104;1026073;5000;1
1397;1004105;1026074;5000;1
4030763;1853;4007180;4020;4
4030764;1479;1024689;2459;1
4026786;1003802;4007160;1760;1
4026787;1002925;4007160;2720;2
1402;1001311;1025235;12780;1
1403;1001310;1025236;12780;1
4012730;1002862;4004421;1536;2
4012731;331;4004421;1355;3
4030765;1851;1024689;7351;2
4030766;1853;1024689;4291;3
4030793;1003721;1025715;2288;1
4030794;1003681;1025715;1783;2
4030786;1215;4005560;8350;1
4010230;4002734;4003880;248;1
4010231;4002735;4003881;248;1
4030026;4005474;4007800;15708;1
2;1766;74522;8350;1
3;1002519;1024332;8350;1
4030946;481;7366;1590;1
4028670;1000795;1024824;993;1
4028671;1000662;1024824;1584;2
4030947;993;7366;3100;2
4006374;1001803;1023528;4866;1
4006371;995;12749;3233;1
4030888;4000601;4000723;3203;1
4029926;4003154;4007780;601;1
4006375;1001804;1023529;3675;1
4006376;1003688;1025718;5738;1
4029927;840;4007780;2550;2
4028672;1000663;1024824;2219;3
4006378;219;1871;4533;1
4006379;220;1872;5667;1
4028673;1808;1024824;3490;4
4030906;1108;4005820;4986;1
4029928;1003301;4007780;2590;3
4029929;4002494;4007780;2285;4
4018628;1002862;4005140;1460;1
4018629;1004042;4005140;3160;2
4030907;4004034;4005820;3806;2
4030926;4004035;4005821;3753;1
4030927;1109;4005821;4815;2
4028893;1003584;1025616;9358;1
4018646;1002862;4005160;1460;1
4018647;1002880;4005160;2530;2
30;1002543;1024356;7891;1
31;1002544;1024357;7968;1
32;1396;1024358;8937;1
33;1397;1024359;9502;1
4030889;1185;4000723;2595;2
4020268;4003954;4005660;12223;1
4030948;1006;30206;4650;1
4031527;239;4003258;1924;1
4031528;1160;4003258;4644;2
4030986;994;12747;3454;1
4030987;479;12747;1362;2
4023186;4004334;4006280;500;1
4031486;1160;4008140;4850;1
4019352;1186;1025186;2672;1
4019353;1003225;1025186;3687;2
4019354;1002820;1025186;8036;3
4016306;1004144;1026116;4959;1
4016307;1004142;1026116;4456;2
4016326;4003394;4004820;4500;1
4016346;4003414;4004840;9312;1
50;1714;1024406;7880;1
51;1715;1024407;8455;1
52;275;1024408;7516;1
53;276;1024409;8013;1
54;986;12742;8015;1
55;365;1024410;5920;1
56;367;1024411;7690;1
4016347;4003415;4004841;9604;1
4019355;1104;1025186;1913;4
4031546;1002659;1025313;838;1
4028849;4000441;4000481;7686;1
61;1003687;1025717;6128;1
4022126;1002879;1024789;2747;1
4019359;1103;1025185;1907;1
4019360;1002819;1025185;7555;2
4019361;1003226;1025185;3723;3
4019362;1185;1025185;2595;4
67;1002640;1024486;17087;1
68;1002639;1024487;12375;1
4022127;1002881;1024789;4539;2
71;1002641;1024490;8000;1
72;1002642;1024491;8000;1
73;1002643;1024492;11642;1
4022128;1002883;1024789;3668;3
4031626;1002659;1024508;838;1
4031646;4005734;4008160;5600;1
4022129;1000691;1024789;2140;4
4028850;1000795;4001161;1046;1
4028851;1000662;4001161;1619;2
80;1002644;1024495;7500;1
81;1002645;1024496;7500;1
4028852;1000663;4001161;2184;3
4016530;1000475;1024745;2491;1
4016531;1000836;1024745;3263;2
4028853;1808;4001161;2964;4
86;1002662;1024506;5880;1
87;1002661;1024507;5270;1
4028854;1003581;4001161;2657;5
4029506;1140;1026105;3765;1
4029507;290;1026105;1167;2
4029508;1002504;1026105;6673;3
4023187;4004335;4006281;500;1
4029509;1004130;1026105;2617;4
4031526;1159;4008141;4750;1
4031529;4002412;4003258;4139;3
4031530;4002413;4003259;3723;1
4031531;1159;4003259;5050;2
4031532;244;4003259;2100;3
4028869;1003583;1025615;12054;1
4029930;1001020;4007780;2730;5
4031547;1003341;1025313;6380;2
4031548;1003343;1025313;6277;3
4022849;1354;1025182;583;1
4022850;1003224;1025182;4185;2
105;1134;1024624;1578;1
106;1135;1024625;1237;1
4022851;4004255;1025182;7066;3
4030033;4004620;4006563;952;1
4030034;4004619;4006562;993;1
4030046;4005494;4007801;5164;1
4022855;1354;1025184;583;1
4022856;1003224;1025184;4185;2
4022857;4004255;1025184;7704;3
4028870;1003747;1025761;12848;1
115;524;1024666;3749;1
4028871;1003646;1025676;9950;1
4013636;1254;4004481;891;1
4013637;1000473;4004481;3038;2
4028872;1000953;4002563;1570;1
4028873;1002914;4002563;2990;2
4022866;1354;1025178;583;1
4022867;1003224;1025178;4185;2
4022868;1003222;1025178;7066;3
4022869;1000461;1025178;572;4
4028874;1002912;4002563;3780;3
4028875;4002003;4002563;5100;4
4030047;4005495;4007801;6410;2
4030048;4005496;4007802;2160;1
4030049;4005497;4007802;1519;2
4028879;4000443;4000483;5000;1
4030050;4005514;4007802;1494;3
4030051;4005534;4007802;4443;4
4031566;1003344;1025314;5089;1
4031567;1003342;1025314;5606;2
4031568;1002660;1025314;940;3
4029510;1004132;1026105;5337;5
4031586;4001571;4001975;4242;1
4031587;4001569;4001973;4942;1
4031647;4005735;4008161;5600;1
4028894;1003645;1025675;9335;1
4028895;4000325;4000365;12758;1
4028896;4002001;4002561;4533;1
4028897;1002911;4002561;3447;2
4028898;1002913;4002561;3089;3
4028899;1000954;4002561;1861;4
4029126;1000907;4007661;1415;1
157;1002783;1024714;3510;1
4029127;837;4007661;1968;2
4029128;1002911;4007661;3700;3
4029129;1002915;4007661;3816;4
4029146;1002916;4007660;3703;1
4029147;1002912;4007660;3751;2
4029046;4004515;4006461;9139;1
4029066;4004514;4006460;8904;1
4029086;1003861;4005300;3574;1
4029087;1003863;4005300;7341;2
4029088;1003864;4005301;7465;1
4029089;1003862;4005301;3373;2
4029286;4005394;4007700;6455;1
4029287;4005395;4007701;6203;1
4029148;840;4007660;2107;3
4015193;1002898;1024799;3861;1
4015194;1002896;1024799;3683;2
4015195;1002894;1024799;4105;3
4029149;1000906;4007660;1485;4
4013647;1001019;1025454;2679;1
4013648;229;1025454;353;2
4013649;1000473;1025454;3063;3
245;1002899;1024800;3774;1
246;1002900;1024801;2287;1
247;1002901;1024802;6266;1
248;1002902;1024803;6273;1
4014526;1000666;4001847;3169;1
4014527;4001485;4001847;1583;2
4014528;1000400;4001847;1459;3
4023806;4004294;4006240;3500;1
4027566;4002714;4003860;124;1
4027567;4002716;4003862;124;1
4017529;4003376;4004802;1;1
4023807;4004295;4006240;3900;2
4031450;1003141;1025093;3121;1
4017379;4002574;4003500;259;1
4023808;1790;4006580;1910;1
4014846;1000638;4002007;4358;1
4031406;4003354;4004661;4412;1
4031426;1003061;1025013;3495;1
4026450;4004974;4007120;2657;1
4026451;4004975;4007121;2679;1
4028446;4000371;4000405;4919;1
4028447;4000367;4000405;2933;2
4031451;1003143;1025093;3034;2
4031452;1000470;1025093;4383;3
4026546;4001685;4005000;1392;1
4026547;998;4005000;3859;2
4007250;4002458;4003324;5000;1
4014847;1000403;4002007;1669;2
4014848;1000672;4002007;345;3
4014849;1003304;4002007;1977;4
4014850;1004042;4002007;2918;5
4014851;4001603;4002007;1292;6
4028448;4000373;4000405;5485;3
4026548;4002083;4005000;2868;3
4026549;4002043;4005000;4952;4
4027568;4002715;4003861;124;1
4027569;4002717;4003863;124;1
4022250;4001685;4002605;1392;1
4022251;998;4002605;4665;2
4027767;4005255;4007461;9400;1
4028449;4000363;4000405;4231;4
4017386;4002616;4003622;1;1
4017468;4002615;4003621;1;1
4017407;4002596;4003602;92;1
4028450;1147;4000405;2862;5
4028451;4000371;4005480;4919;1
4025206;4004855;4006941;4102;1
4017408;4002594;4003600;93;1
4017506;1003321;1025273;4400;1
4017527;4003377;4004803;1;1
4031686;1003582;1025614;2618;1
4031687;1003023;1025614;8031;2
4022252;4002083;4002605;2868;3
4022253;4002043;4002605;5472;4
4023809;4004634;4006580;2000;2
4031427;1003063;1025013;4730;2
4017426;4002617;4003623;1;1
4031428;1003065;1025013;626;3
4017446;1003401;1025393;3960;1
4017447;1003402;1025393;3140;2
4017375;4002575;4003501;259;1
4017466;4002595;4003601;93;1
4019746;4003894;4005520;7650;1
4031446;710;1025094;160;1
4017387;4002614;4003620;1;1
4017406;4002597;4003603;92;1
4017448;4003214;4004760;5325;1
4017449;4003215;4004760;4588;2
4023986;1002780;4002403;5391;1
4017486;1002540;1024644;8500;1
4017526;4003379;4004805;1;1
4017528;4003378;4004804;1;1
4025226;4004854;4006940;3971;1
4031447;1000469;1025094;4478;2
4031448;1003144;1025094;2976;3
4023987;1000556;4002403;2341;2
4023988;4001923;4002403;560;3
4024006;1000837;1024746;3408;1
4024007;1000476;1024746;2139;2
4018310;1000045;1025474;946;1
4018311;1002862;1025474;1460;2
4018312;1004042;1025474;3160;3
4031449;1003142;1025094;2873;4
4031453;708;1025093;207;4
4013764;1000604;4003343;300;1
4013765;4002475;4003343;2850;2
4028452;4000367;4005480;2933;2
4027746;4005234;4007440;1881;1
4027747;4005235;4007440;4590;2
4021306;1000401;4001845;1400;1
4031454;1003141;4001521;3121;1
4031455;4001201;4001521;1591;2
4021307;4001487;4001845;1804;2
4021308;1000665;4001845;2930;3
4020452;4003154;4005680;649;1
4024066;4004694;4006640;8800;1
4024067;4004695;4006641;10000;1
4028453;4003854;4005480;2383;3
4020453;840;4005680;2202;2
4020454;1003301;4005680;2397;3
4020455;4002494;4005680;2406;4
4020456;1001020;4005680;2639;5
4020457;4002475;4005680;2360;6
4020458;842;4005680;1706;7
4031456;4001203;4001523;1929;1
4031457;1003142;4001523;2880;2
4029846;1003366;4007101;3906;1
4029847;1000629;4007101;2398;2
4029848;4001483;4007101;2829;3
4029849;1003441;4007101;3410;4
4029850;837;4007101;2058;5
4031726;1002886;4003660;5540;1
4031727;4002634;4003660;3987;2
4031728;4002635;4003660;4354;3
4031688;1003025;1025614;3995;3
4031766;1002879;4005360;2747;1
4031767;1002881;4005360;5043;2
4031768;1002883;4005360;3193;3
4031706;1003026;1025613;3589;1
4027766;4005254;4007460;9600;1
4029851;1001261;4007101;1933;6
4029186;1002879;4004020;2603;1
4029187;1003183;4004020;2469;2
4028046;1000672;1024813;462;1
4028047;1003304;1024813;1891;2
4028048;1000932;1024813;2076;3
4031707;1003024;1025613;8804;2
4031708;1003581;1025613;3367;3
4031729;1002880;4003660;2550;4
4031746;1002879;1024785;2747;1
4028460;1148;4000403;2770;1
4028461;4000361;4000403;4527;2
4028462;1001401;4000403;4742;3
4028463;4000365;4000403;2731;4
4028464;4000369;4000403;5168;5
4031747;1002881;1024785;5045;2
4031748;1002883;1024785;3193;3
4031749;1002885;1024785;5175;4
4031769;4003714;4005360;3708;4
4029188;1706;4004020;1646;3
4029189;1002782;4004020;2505;4
4028467;4000361;4000841;4527;1
4028468;1001401;4000841;4742;2
4028469;4000365;4000841;2731;3
4028470;4000369;4000841;5168;4
4028471;4003855;4005481;1797;1
4028472;4000365;4005481;2791;2
4028473;4000369;4005481;5317;3
430;1002942;1024853;9850;1
431;1002941;1024854;10330;1
443;1001639;1024893;900;1
444;1001640;1024894;900;1
445;1002981;1024913;9540;1
446;602;1024913;9268;2
4005243;4001081;4001405;10000;1
4005245;4001083;4001407;10000;1
4005247;4001123;4001441;13500;1
4005249;4001121;4001443;13500;1
4006430;1064;23507;4484;1
4006431;1063;23506;4668;1
4019026;4003675;4005221;1143;1
4019027;4003655;4005221;1563;2
4019028;4003654;4005220;1760;1
4023066;1000176;4006220;1690;1
4023067;1000235;4006220;950;2
4023068;1003482;4006220;1560;3
4014594;4000601;4000721;3387;1
4020526;4002474;4003342;2900;1
4020527;1000603;4003342;255;2
553;1003161;1025114;8740;1
4012748;1790;76403;2009;1
4014595;999;12666;3427;1
4009734;1003844;1025856;3430;1
4009735;1003842;1025856;1890;2
4012749;1788;76403;1523;2
4014686;4002654;4003700;3154;1
4014687;4002655;4003700;2434;2
4024746;4004775;4006761;6088;1
4023069;1003481;4006220;1560;4
4024747;4004794;4006800;7032;1
4026946;4003935;4005900;2847;1
4026127;1007;7490;2997;1
4020333;835;4005681;1100;1
4019528;4003734;4005402;8170;1
4020334;4002474;4005681;2900;2
4020335;1001019;4005681;2730;3
4020336;1003304;4005681;1970;4
4020337;1003302;4005681;2590;5
4017772;1001802;1025936;1975;1
4019529;1003721;4005402;2070;2
4020338;837;4005681;2100;6
4020339;4003155;4005681;531;7
4026128;1008;7489;3134;1
4020788;4004014;4005800;4342;1
4020789;4004015;4005800;2985;2
4022594;1394;1024953;3100;1
4022595;1002911;1024953;3610;2
4020370;4003935;4005581;2558;1
4020371;1003304;4005581;1901;2
4020372;1004042;4005581;2944;3
4020373;4001603;4005581;1292;4
4014688;4002495;4003700;2091;3
4014689;1003302;4003700;2420;4
4014690;837;4003700;2325;5
4014691;838;4003700;2894;6
4026146;4004914;4007040;3385;1
4026147;1002911;4007040;3700;2
4014605;1000419;1024464;3115;1
4014606;1000420;1024465;2714;1
4020573;4002654;4005740;3153;1
4026148;1002915;4007040;3813;3
4026149;1000820;4007040;1730;4
4017773;1003924;1025936;3220;2
4017774;1003922;1025936;2786;3
4017775;1143;1025936;3647;4
4026166;1000821;4007041;2000;1
4026167;1002916;4007041;3724;2
4027666;865;1025714;3578;1
4027667;1003686;1025714;659;2
4027668;1003684;1025714;2286;3
4020766;4001601;4005580;1921;1
4020767;1004041;4005580;2658;2
4020768;1003303;4005580;1882;3
4020769;4003934;4005580;2497;4
4027669;1003682;1025714;2666;4
4027670;1003722;1025714;2511;5
4019029;4003674;4005220;1172;2
4027671;1003684;1025716;2286;1
4020773;4001601;4002005;1921;1
4020774;1004041;4002005;2637;2
4020775;1003303;4002005;1988;3
4020776;1000671;4002005;420;4
4020777;1000404;4002005;1586;5
4020778;1000637;4002005;4316;6
4022286;1002721;1025853;4900;1
4022287;1003841;1025853;2100;2
4022288;1003843;1025853;3870;3
4022289;1003844;1025854;3430;1
4022290;1003842;1025854;1890;2
4022291;1002722;1025854;5200;3
4022596;1002913;1024953;2970;3
4022597;1000946;1024953;1025;4
4005251;1003761;1025773;10000;1
4005253;1003762;1025774;10000;1
4005255;4001125;4001445;10000;1
4005257;4001127;4001447;10000;1
4022806;248;4006020;4641;1
4022598;1000945;1024954;970;1
4022599;1002914;1024954;2990;2
4022600;1002912;1024954;3780;3
4022601;1395;1024954;3100;4
4022786;248;4004683;5516;1
661;943;12632;6566;1
4005259;4001129;4001449;8500;1
4005261;4001131;4001451;8500;1
4022787;1001640;4004683;2745;2
4022807;250;4006021;5151;1
666;947;12636;4037;1
667;948;12637;3863;1
669;951;12639;1810;1
670;941;12630;6822;1
4002161;4001041;4001361;4007;1
4000937;4000485;4000529;150;1
4000939;4000487;4000531;150;1
4002163;4001043;4001363;3860;1
4023026;4002372;4003178;1722;1
4023027;1000234;4003178;920;2
4023028;1000175;4003178;1510;3
4023106;1000045;4006200;950;1
4023107;1000176;4006200;1690;2
682;742;8651;5398;1
683;743;8652;5413;1
4023108;1000235;4006200;950;3
4023109;1003482;4006200;1560;4
4023110;1003481;4006200;1560;5
4023070;4004274;4006220;777;5
4023088;4002372;4003158;1722;1
4023089;1000234;4003158;920;2
4023090;1000175;4003158;1510;3
4023091;1000043;4003158;950;4
694;980;12734;8450;1
695;979;12735;7793;1
696;982;12736;8450;1
697;981;12737;7779;1
4023111;4004274;4006200;777;6
702;988;12740;8591;1
4026947;4003934;4005901;2607;1
4026966;250;4003801;4457;1
707;996;12748;3506;1
4026967;1042;4003801;4733;2
4026968;4002694;4003801;2701;3
4026969;4002695;4003800;3052;1
711;61;153;9604;1
712;60;152;9312;1
713;760;9674;10197;1
4026168;1002912;4007041;3732;3
4026169;4004915;4007041;3616;4
4026970;1045;4003800;5123;2
717;216;1868;6593;1
718;150;1608;4188;1
719;151;1610;13210;1
4026971;248;4003800;4094;3
4027672;1003682;1025716;2666;2
4014746;1000662;1024791;1646;1
4014747;1000663;1024791;2191;2
724;584;7327;2270;1
4014748;1000688;1024791;2200;3
726;599;7334;8057;1
727;602;7341;9268;1
728;603;7342;10533;1
729;613;7343;11659;1
4014749;1002888;1024791;2161;4
4014750;1000786;1024791;1654;5
732;614;7346;11579;1
733;615;7347;1865;1
4027673;1003722;1025716;2511;3
4027786;1002893;1024798;4059;1
4026252;862;12231;7311;1
4026253;860;12229;7905;1
4027787;1002895;1024798;3774;2
4027788;1002897;1024798;3731;3
4014757;4000921;4001205;2055;1
4014758;1003841;1025855;2126;1
742;218;1870;4726;1
4014759;1003843;1025855;4042;2
746;426;4250;7349;1
748;238;2140;2451;1
750;65;190;1164;1
751;116;480;1509;1
755;377;3678;9045;1
756;314;2372;6750;1
757;271;2225;3201;1
759;366;3264;3410;1
760;330;2398;8696;1
761;450;4685;13879;1
764;428;4252;13423;1
765;557;6692;1880;1
768;149;1538;4604;1
769;132;655;6267;1
773;186;1287;2776;1
774;169;1035;11612;1
775;172;1037;11732;1
776;315;2373;7730;1
777;130;653;13981;1
778;152;1609;13870;1
779;285;2353;9036;1
780;173;1039;11785;1
781;284;2352;9072;1
783;425;4249;7841;1
784;427;4251;17054;1
785;559;6693;2120;1
787;516;6530;2530;1
788;133;656;8899;1
789;131;654;13774;1
791;499;5364;2545;1
792;451;4686;9190;1
793;495;4986;6033;1
794;519;6531;2639;1
795;494;4985;5002;1
801;73;1695;1727;1
802;236;2138;2113;1
803;185;1284;2853;1
804;71;328;9831;1
805;64;189;1298;1
806;72;1696;1781;1
807;217;1869;7710;1
808;215;1867;6326;1
810;117;481;1576;1
812;368;3266;4420;1
814;616;7350;1292;1
4005561;4002161;4002801;10000;1
4005563;4002163;4002803;10000;1
4014286;623;1025194;1008;1
819;493;4983;2933;1
820;430;13080;8514;1
4026346;1001699;1025173;3784;1
4026347;4004234;1025173;4632;2
4006172;4002334;4003120;10383;1
4006173;4002335;4003121;11049;1
4022512;1000498;4003761;2770;1
4014287;1159;1025194;3926;2
827;704;7495;9120;1
828;702;7496;9130;1
829;718;7688;7384;1
830;719;7689;8231;1
4014288;1003242;1025194;3398;3
4012786;4002914;4004180;1382;1
4022506;1003001;4003380;1533;1
835;724;7715;9438;1
4004529;1003602;1025636;2210;2
837;786;7712;10646;1
839;787;7471;11491;1
4022507;1000666;4003380;2909;2
4006174;4002352;4003122;10798;1
4011239;4002876;4004120;3349;1
4022508;1003003;4003380;2677;3
4022509;1003004;4003381;2555;1
4022510;1000665;4003381;2930;2
846;1003904;1025914;4120;1
847;1003902;1025914;3100;2
4026348;4004235;1025174;4759;1
4026349;1001700;1025174;3150;2
4022511;1003002;4003381;1514;3
4007171;875;12274;1321;1
4025146;1000785;1024792;1460;1
853;815;12190;2904;1
854;816;12191;2664;1
855;828;4261;10639;1
4025147;1002887;1024792;2316;2
4024028;1000785;4006301;1727;1
4024029;1000786;4006301;1993;2
4022513;1000497;4003760;2810;1
4015466;4003274;4004700;2239;1
862;845;12212;5272;1
863;843;12213;6065;1
865;859;12228;8680;1
866;867;12234;3874;1
867;868;12235;4139;1
4025846;1003241;4006961;3120;1
869;877;12275;10033;1
870;878;12276;9876;1
871;876;12273;1430;1
872;896;12433;12352;1
873;894;12434;11871;1
874;921;12452;952;1
875;923;12453;993;1
4026359;1000676;1024978;1763;1
4026360;1000687;1024978;1859;2
4026352;4001641;4002121;6489;1
4015467;4003275;4004701;1813;1
880;930;12459;8410;1
881;933;12463;9300;1
882;935;12464;14376;1
883;936;12465;14263;1
4026353;4004234;4002121;4632;2
4025866;1003242;4006960;3120;1
4026354;4004235;4002123;3812;1
887;861;12230;8880;1
4026355;4001643;4002123;6540;2
889;1707;72102;8610;1
4026466;949;1023329;594;1
4026467;1045;1023329;5124;2
4026468;248;1023329;4092;3
4026361;1001599;1024978;7401;3
4026362;1001600;1024977;6621;1
4026363;1000688;1024977;2172;2
4026364;1000675;1024977;1654;3
4025126;1000688;1024793;2382;1
4025127;1002888;1024793;2161;2
4025128;1000786;1024793;1654;3
900;1019;16155;8295;1
901;1017;16158;7798;1
4025148;1000687;1024792;2071;3
905;1722;72520;6130;1
906;1723;72522;6530;1
907;1551;66907;24340;1
908;1552;66906;24470;1
4026469;250;1023328;4457;1
4026470;1042;1023328;4746;2
4026471;952;1023328;690;3
4028166;1000474;4006980;3350;1
4028167;1000475;4006980;3140;2
4028186;4003034;4004380;1402;1
4027146;1000720;1025187;2856;1
4028146;1004201;4006900;1830;1
919;237;2139;5874;1
920;235;2137;7038;1
921;1111;29521;3760;1
922;1112;29522;3070;1
923;1059;23173;2263;1
924;1060;23175;2396;1
925;1166;37193;8350;1
4015008;4003094;4004561;1;1
4015009;4003095;4004561;1;2
928;1513;60005;19100;1
929;1514;60006;17580;1
932;829;12197;5571;1
933;827;12196;5390;1
934;1048;23614;12019;1
935;1374;47124;11132;1
4027086;1109;4005880;3603;1
938;1101;29513;7089;1
939;1102;29514;9100;1
940;1123;17954;10380;1
941;1144;36614;8531;1
942;972;12725;8176;1
943;974;12727;7339;1
4027087;481;4005880;2656;2
4014289;1001740;1025194;2238;4
4027088;4004054;4005880;2060;3
4015548;4003336;4004782;2745;1
948;822;12194;4187;1
4015549;4003337;4004783;2520;1
950;1235;44303;5079;1
951;1234;44304;5916;1
952;171;1038;6850;1
953;221;1873;1010;1
954;222;1874;928;1
4027106;4004055;4005881;1620;1
4027107;479;4005881;2257;2
957;1162;36793;16100;1
958;821;12193;4317;1
959;1161;36794;16490;1
4016790;1003541;1025573;1070;1
961;830;12198;10563;1
4027108;1108;4005881;3973;3
4016791;1003542;1025573;1320;2
4028147;1000476;4006900;3290;2
4027147;1000642;1025187;2740;2
4002041;4001001;4001281;4067;1
4027148;1103;1025187;1974;3
4027166;1104;1025188;2011;1
4002043;4001003;4001283;4529;1
970;1457;55971;7084;1
4027167;1000641;1025188;2684;2
972;1458;55973;6722;1
973;1484;57250;23759;1
974;1483;57251;17059;1
4027168;1000721;1025188;2348;3
4027186;4001601;4002001;1967;1
4027187;1004041;4002001;3240;2
4027188;1003303;4002001;2360;3
4027189;1000630;4002001;2090;4
4027190;1000637;4002001;2870;5
981;1535;64584;9802;1
982;1536;64585;14886;1
983;1537;64586;9932;1
984;1538;64587;11015;1
985;1003561;1025598;4850;1
986;1808;76850;3140;3
987;1807;76854;3140;1
988;1160;76854;4850;2
989;1104;76854;2355;3
4028187;331;4004381;1269;1
4028206;1003208;1025156;4641;1
4028148;1000473;4006900;3270;3
4028207;1003206;1025156;5780;2
4028208;1003202;1025156;2729;3
995;1139;36616;3200;1
4008806;932;4003640;9902;1
4028209;1003201;1025155;2563;1
4001483;4000843;4001043;6262;1
4028210;1003205;1025155;5134;2
1000;1138;36615;3583;1
4028211;1003207;1025155;5412;3
4028286;4000041;4003980;792;1
4028287;1003203;4003980;5960;2
4011253;4002877;4004121;3520;1
4028228;1003201;4005960;2563;1
1006;1613;68510;5900;1
1007;1614;68511;5830;1
1008;1631;68856;8508;1
1009;1632;68857;6998;1
1010;1656;69077;5976;1
4028229;4000045;4005960;4993;2
1013;1003603;1025637;1;1
1017;1655;69074;6100;1
4027306;1000666;4002323;3090;1
4027307;1003003;4002323;2640;2
4027308;1000498;4002323;2770;3
1021;1867;78785;3292;1
4020668;4003295;4004703;203;1
4020669;4003294;4004702;377;1
4004527;4001801;1025636;5200;1
4028288;1003207;4003980;5780;3
1030;1660;69706;17840;1
1031;1659;69707;17840;1
4004537;1003601;1025635;2210;1
4004539;4001803;1025635;5200;2
1037;1103;76850;2320;1
1038;1159;76850;4750;2
1039;1000050;1001952;7276;1
1040;1000068;1002044;4480;1
1041;1000065;1002002;4499;1
1042;1000040;1001267;5087;1
1043;1000301;1022424;10383;1
1044;1000302;1022425;10812;1
4004541;1003001;1025633;1320;1
1046;1000075;1022524;9180;1
1047;1000076;1022525;7464;1
1048;1000379;1022526;6570;1
4004543;1000666;1025633;3090;2
4004545;1000671;1025633;430;3
4028351;897;4003083;1494;1
4028352;4002323;4003083;5363;2
4004547;1000672;1025634;430;1
4004549;1000665;1025634;3140;2
4028353;1003866;4003083;4059;3
4028354;1000833;4003083;2264;4
1057;1000405;1022565;280;1
1058;1000406;1002003;3414;1
1059;1000407;1002001;3323;1
1060;1000999;1022626;11572;1
1061;1001000;1022627;11691;1
1062;1001039;1022664;8030;1
4028355;1002922;4003083;2731;5
1073;1001119;1022745;363;1
4004551;1003002;1025634;1330;3
4004553;1002859;4000521;2310;1
4004555;1002861;4000521;1460;2
4004557;1002862;4000523;1460;1
4004559;1002860;4000523;2310;2
1088;1001138;1022764;110;1
1093;1001159;1022805;4811;1
1094;1001160;1022806;4807;1
1097;1000039;1022813;4870;1
4008346;4000925;4001201;4925;1
4015266;4003114;4004580;110;1
4029166;837;4005340;1968;1
4029167;1002911;4005340;3700;2
1102;1003562;1025597;4850;1
1103;1001175;1022837;3176;1
1104;1001176;1022838;3543;1
1105;1001177;1022839;9400;1
1106;1001178;1022840;9400;1
1107;1001201;1022874;7165;1
1108;1001202;1022875;5014;1
1109;1001203;1022876;5088;1
4018808;1001839;1023564;1750;1
4015267;1001138;4004581;110;1
1112;1001290;1022946;17370;1
1113;1001291;1022947;17370;1
1114;1001324;1022956;9580;1
1115;1001282;1022958;7023;1
1116;1001283;1022959;6452;1
1117;1274;1022964;5566;1
1118;1001286;1022967;6790;1
1119;1001287;1022968;6790;1
1120;1001288;1022969;7865;1
1121;1001289;1022970;7166;1
1122;1001292;1022971;7365;1
1123;1001293;1022972;7230;1
1124;1001294;1022973;20248;1
1125;1001295;1022974;18755;1
1126;1001296;1022975;6912;1
1127;1001297;1022976;6782;1
1128;1001304;1022981;9506;1
1129;1001305;1022982;9530;1
1130;1001306;1022983;6550;1
1131;1001307;1022984;7949;1
1132;1001308;1022985;10920;1
1133;1001309;1022986;10157;1
1134;1001312;1022989;3300;1
1135;1001313;1022990;3300;1
4029168;1002915;4005340;3816;3
1137;1001339;1023024;15303;1
4018086;1000497;4002321;2810;1
4018809;1000176;4005121;1690;1
4018826;1003481;4000245;1560;1
4029169;1002916;4005341;3703;1
1142;1001422;1023107;6410;1
1143;1001421;1023108;6480;1
1144;1001420;1023109;3990;1
1145;1001419;1023110;3990;1
1146;1001460;1023164;2251;1
4018827;1000234;4000245;920;2
4018087;1003004;4002321;2640;2
4018088;1000665;4002321;3140;3
4029170;1002912;4005341;3751;2
4015409;1001739;1025193;2488;1
4013010;1000474;1023220;3350;1
4013011;227;1023220;670;2
4013012;229;1023221;353;1
4013013;1000473;1023221;3011;2
4015410;1003241;1025193;3343;2
4015411;1160;1025193;4131;3
4015412;629;1025193;1461;4
4029171;840;4005341;2107;3
4029310;1002964;1024874;1230;1
4029306;939;1024873;1439;1
4029311;1000477;1024874;4386;2
4013820;1000638;4002003;2850;1
4008709;1003041;4003780;5091;1
4008710;1003043;4003780;2355;2
4008711;1000867;4003780;1597;3
4013821;1000629;4002003;2110;2
1171;1001503;1023224;8884;1
1172;1001504;1023225;8340;1
4013822;1003304;4002003;2040;3
4013823;1004042;4002003;3160;4
4013824;4001603;4002003;2040;5
4029307;1002961;1024873;1793;2
1177;1001581;1023306;11000;1
1178;1001582;1023307;11000;1
4029308;1000478;1024873;4837;3
4010346;4002755;4003940;7116;1
4015786;4003234;4004660;2648;1
4010347;4002754;4003941;8063;1
4029309;1002963;1024873;1380;4
4029312;1002962;1024874;1955;3
4029313;938;1024874;1371;4
4029314;1002961;1024875;1793;1
4019450;4003715;4005361;2211;1
4018830;1000175;4005120;1510;1
1193;1001601;1023330;8079;1
1194;1001602;1023331;7136;1
1195;1001641;1023365;4896;1
1196;1001642;1023366;4715;1
1197;1001662;1023386;2000;1
1198;1001661;1023387;2000;1
4029315;1000478;1024875;4837;2
4029553;1004140;1026108;3981;1
4029316;1002963;1024875;1380;3
4029326;1003745;1025759;1094;1
4029327;1003101;1025759;5413;2
4029328;1003103;1025759;4246;3
4015787;4003236;4004660;2933;2
4018831;4003574;4005060;10000;1
4018832;1000175;1023570;1539;1
4029329;1000750;1025759;3877;4
1211;1001779;1023504;3779;1
4018833;1000043;1023570;900;2
4029330;1000751;4001921;3356;1
4029331;1003104;4001921;4452;2
4013847;1000672;4002041;412;1
4013848;1003304;4002041;1979;2
4029332;1003102;4001921;6003;3
4029333;1003746;4001921;1209;4
4018834;1001842;1025600;8125;1
4018835;1000235;4000247;920;1
4018836;1003482;4000247;1560;2
4029366;4005294;4007540;5837;1
4013849;1004042;4002041;2985;3
4013850;4001603;4002041;1292;4
4018840;4002393;4003199;4700;1
4029367;4005295;4007540;4650;2
4029554;1004138;1026108;2905;2
4029555;1148;1026108;3082;3
4029556;1004136;1026108;2312;4
4029557;1004135;1026108;1732;5
4018841;1000235;4005081;950;1
4018842;4003595;4005081;921;2
4018843;1000235;1025603;950;1
4018844;4003575;4005061;10000;1
4018845;1790;4003824;2006;1
4018846;1003481;4003824;2361;2
4018847;1000234;4003824;170;3
4018850;4002392;4003198;4700;1
4018851;1000045;1025599;946;1
4018852;1000176;1025599;1714;2
4018853;4003594;4005080;773;1
4018854;1000234;4005080;920;2
4018855;1000234;1025602;920;1
1261;1001979;1023712;6700;1
1262;1002399;1024184;8438;1
1263;1002400;1024185;8786;1
4029558;1000833;1026108;2143;6
4029559;1003722;1026108;2301;7
1266;1002059;1023804;103;1
1267;1002060;1023805;139;1
1268;1002081;1023826;14181;1
1269;1002082;1023827;13605;1
1270;1002099;1023844;15000;1
4029560;1004047;1026063;3621;1
4018856;1001841;1025601;7733;1
4029561;1004049;1026063;2198;2
1274;1002139;1023884;6000;1
1275;1002140;1023885;10000;1
1276;1002159;1023904;9342;1
1277;1002160;1023905;9957;1
1278;1002162;1023907;9745;1
1279;1002163;1023908;8719;1
1280;1002164;1023909;6500;1
1281;1002165;1023910;15000;1
1282;1165;1023911;4050;1
1283;1002166;1023912;10000;1
1284;1002167;1023913;10000;1
1285;1002168;1023914;20000;1
1286;1002169;1023915;20000;1
1287;1002170;1023916;6000;1
1288;1002171;1023917;10000;1
1289;1002172;1023918;10000;1
1290;1002173;1023919;20000;1
4029562;1004051;1026063;2476;3
4029563;1004053;1026063;1816;4
1293;1002182;1023946;8213;1
1294;1002181;1023947;7537;1
4029564;1004055;1026063;1148;5
4019906;1004103;4003097;2244;1
1297;1002199;1023964;6500;1
4019907;4002331;4003097;1850;2
4019908;1000805;4003097;3512;3
4016086;1004133;1026106;5025;1
4016087;1004131;1026106;2748;2
4016088;1002503;1026106;6101;3
4016089;288;1026106;1278;4
4016090;1143;1026106;3805;5
1305;1002299;1024064;5252;1
1306;1002300;1024065;6583;1
1307;1002301;1024066;11493;1
1308;1002302;1024067;12222;1
1309;1002379;1024164;9751;1
1310;1002380;1024165;9343;1
1311;66;191;10155;1
1312;1002305;1024070;6000;1
1313;1002306;1024071;6000;1
4019909;1000688;4003097;2235;4
4019910;1004060;4003097;1472;5
1316;1002319;1024086;7995;1
1317;684;7368;10854;1
1318;1002359;1024144;10000;1
1319;1002360;1024145;2600;1
1320;1002361;1024146;4074;1
1321;1002339;1024124;10000;1
1322;1002362;1024147;2562;1
1323;585;7328;10899;1
4019911;1004058;4003097;2321;6
1325;929;12460;8100;1
1326;1434;51347;8000;1
1327;1705;72104;9100;1
4020126;4003914;4005600;8860;1
4020127;4003915;4005601;8860;1
4029565;1001020;4005540;2730;1
4029566;1004051;4005540;2490;2
4029567;1004053;4005540;2050;3
4029568;1004055;4005540;1150;4
4029569;1103;4003095;2131;1
4029570;1004103;4003095;2387;2
4029571;4002331;4003095;1858;3
4029572;1000805;4003095;3516;4
4029573;1000688;4003095;2209;5
1339;1002427;1024216;6747;1
1340;1002428;1024217;8775;1
4016126;1539;4000321;3469;1
1348;1002509;1024318;10230;1
1349;1002510;1024319;10504;1
1357;1002459;1024246;10000;1
1358;1002460;1024247;10000;1
1360;1002501;1024306;10008;1
1361;1002502;1024307;8930;1
4014866;4003074;4004520;1;1
4008286;4002555;4003481;259;1
4023913;1790;1025475;222;1
4023914;1003481;1025475;1501;2
4000089;1053;22742;10406;1
4000091;1054;22743;10015;1
4007806;4002534;4003460;9231;1
4007807;4002535;4003461;8753;1
4016127;1001682;4000321;2465;2
4024127;1851;4006661;8150;1
4014486;4000681;4000801;5214;1
4008287;4002554;4003480;259;1
4016128;4000281;4000321;3439;3
4029574;1004060;4003095;1463;6
4029575;1004058;4003095;2298;7
4012066;4002974;4004300;3400;1
4012067;4002975;4004301;3400;1
4029586;1414;1026103;3396;1
4029587;1004127;1026103;942;2
4024166;998;4006260;3038;1
4024126;1852;4006660;7880;1
4012326;1003141;4004200;3050;1
4029588;1002183;1026103;3353;3
4029589;481;1026103;1561;4
4014158;1002781;4003285;2460;1
4030787;1479;4005560;2070;2
4014146;4001321;4001561;2863;1
4014147;1003183;4001561;2469;2
4024611;1000681;1026177;1532;3
4022108;1009;15703;4798;1
4014066;4002997;4004320;4905;1
4026788;1002927;4007160;3310;3
4021186;4004074;4005920;10000;1
4021187;4004075;4005921;10000;1
4022406;1003865;1026163;3613;1
4014159;1000509;4003285;1920;2
4014160;1003184;4003285;2410;3
4014161;1003183;4003284;2410;1
4014162;1706;4003284;1750;2
4010586;1000785;1024790;1362;1
4022486;4002794;4004040;10190;1
4026789;1001801;4007160;3000;4
4027046;4004994;4007200;2794;1
4030788;1003721;1025713;2288;1
4027066;4005014;4007220;2803;1
4027067;4005015;4007220;1512;2
4027446;4005074;4007280;9530;1
4027447;4005075;4007281;8760;1
4017310;1004021;4005021;3371;1
4017311;1003867;4005021;1831;2
4031251;1001820;1024838;1676;1
4031252;1001802;1024838;1975;2
4031253;1002928;1024838;3130;3
4031254;1002926;1024838;2508;4
4030789;1003681;1025713;1783;2
4030790;1003683;1025713;2178;3
4025806;1907;4006840;1501;1
4024354;4002281;4003001;648;1
4010587;1002887;1024790;2347;2
4010588;1000687;1024790;2074;3
4010589;1000664;1024790;2146;4
4030791;1003685;1025713;716;4
4030792;864;1025713;3806;5
4010590;1000661;1024790;1757;5
4024355;1002554;4003001;4971;2
4024356;1000469;4003001;2963;3
4024357;4000963;4003001;2906;4
4024358;419;4003001;4132;5
4025807;1003081;4006840;4499;2
4025808;1055;4006840;4142;3
4025809;181;4006840;4086;4
4025810;4004834;4006840;783;5
4030795;1003683;1025715;2575;3
4030796;1002921;4003081;2620;1
4030797;1000832;4003081;1971;2
4014067;4002995;4004322;4886;1
4030798;1003867;4003081;4096;3
1470;1001105;1025335;8090;1
1471;1001106;1025336;8090;1
4025826;4004835;4006841;884;1
4025827;179;4006841;4358;2
4025828;1056;4006841;3943;3
4025829;1003082;4006841;4309;4
4017846;1003301;4004500;2397;1
4017847;4002494;4004500;2713;2
4017848;1001020;4004500;2592;3
4017849;4002475;4004500;2852;4
4025830;1912;4006841;1485;5
4025831;4002874;4004123;5242;1
4025832;1056;4004123;3943;2
4025833;1003082;4004123;4309;3
4014068;4002996;4004321;5388;1
4014069;4002994;4004323;5122;1
4025834;1912;4004123;1485;4
4030799;4002321;4003081;5381;4
4030800;898;4003081;1589;5
1490;1003381;1025375;15606;1
4014148;1706;4001561;1646;3
1492;1003384;1025380;13500;1
1493;1003385;1025381;13500;1
4014149;1002782;4001561;2505;4
4014150;1002781;4001563;2408;1
4014151;1000509;4001563;1883;2
1499;1003423;1025416;11200;1
4014152;1003184;4001563;2527;3
4014153;4001323;4001563;2071;4
4014154;4001361;4001681;10190;1
4030866;1003744;4001321;1277;1
1505;1003424;1025415;9200;1
4030867;1531;4001321;3235;2
4014163;1002782;4003284;2430;3
1508;1001171;1025421;5360;1
4026488;4004614;4006560;13454;1
4014183;4002855;4004101;3616;1
1511;1003464;1025435;13500;1
1512;1003463;1025436;13500;1
1513;1003462;1025437;2360;1
1514;1003461;1025438;2390;1
1515;1003465;1025439;10000;1
1516;1003466;1025440;10000;1
4014184;1003904;4004101;4120;2
4014185;1003902;4004101;3100;3
4014177;1003901;4004100;2970;2
4014178;1003903;4004100;4040;3
4014179;4002854;4004100;2359;4
4014180;4002855;4004103;3616;1
4014181;1003904;4004103;4120;2
4014182;1003902;4004103;3100;3
4014186;1002722;4004101;5200;4
4014187;4000723;4000883;2473;1
4014188;4000721;4000881;2432;1
4026489;4004616;4006561;6000;1
4026490;4004617;4006561;4373;2
4026491;1001401;4006561;4990;3
4026492;4004618;4006561;4990;4
4027448;4005076;4007282;9200;1
4027449;4005077;4007283;8850;1
4030868;1001681;4001321;2468;3
4030869;1540;4001321;3113;4
4026746;1001820;4007140;1610;1
4026747;1001802;4007140;3000;2
4026748;1002928;4007140;3370;3
4026749;1002926;4007140;2720;4
4026750;1003801;4007140;1780;5
4026766;1001802;4007161;3000;1
4026767;1002928;4007161;3370;2
4026768;1002926;4007161;2720;3
4026769;1003801;4007161;1780;4
4027047;4004995;4007200;2321;2
4027468;4003634;4005200;1980;1
4031146;4002372;4005180;1721;1
4031147;1000234;4005180;920;2
4031026;4004134;4005981;4687;1
4031027;4004135;4005981;5931;2
4027506;4005134;4007340;2140;1
4027873;840;4002443;1916;4
4027507;4005135;4007341;1090;1
4027586;1003066;1025014;980;1
4027587;1003064;1025014;5257;2
4027588;1003062;1025014;3540;3
4031148;1000235;4003825;906;1
4031149;1003482;4003825;1685;2
4031150;1789;4003825;2234;3
4027686;4005034;4007240;4047;1
1562;1004023;1026035;5002;1
1563;1004024;1026036;5177;1
4027687;4005035;4007240;3900;2
4031167;1003002;4008061;1330;1
1566;1004181;1026135;3834;1
1567;1004182;1026136;3880;1
4027886;837;4002921;2515;1
1572;1004183;1026137;5030;1
1573;1004184;1026138;5130;1
4027887;1002911;4002921;3398;2
4027888;1002913;4002921;3094;3
4027889;1000946;4002921;1294;4
4027890;1000945;4002923;1443;1
4027891;1002914;4002923;3220;2
4027892;1002912;4002923;3669;3
4017966;1003901;1025913;3646;1
4017967;1003903;1025913;3274;2
4027708;1002941;4004560;10330;1
4027709;1002942;4004560;9850;2
4027710;4005034;4007400;4036;1
4027711;4005214;4007400;3900;2
4031246;1414;1024837;3431;1
4031247;1002925;1024837;2473;2
4031248;1002927;1024837;3330;3
4031249;1001801;1024837;3772;4
4031250;1001819;1024837;1879;5
4027846;1000953;4002283;1570;1
4027847;1002914;4002283;2990;2
1596;1004045;1026061;16160;1
1597;1004046;1026062;16500;1
4027848;1002912;4002283;3780;3
4027849;1395;4002283;3100;4
4027866;837;4002441;2515;1
4027867;1002911;4002441;3398;2
4027868;1002913;4002441;3094;3
4027869;1000954;4002441;1868;4
4027870;1000953;4002443;2025;1
4027871;1002914;4002443;3063;2
4027872;1002912;4002443;3689;3
4018026;4002654;4004501;3154;1
4018027;4002655;4004501;2434;2
4018028;4002495;4004501;2091;3
4018029;1003302;4004501;2698;4
4005443;1003750;1025762;10000;1
4031255;1415;1024838;3249;5
4015586;4003195;4004641;1;1
4016646;134;4004762;6941;1
4016647;1710;4004762;2271;2
4026666;421;4001245;4408;1
4026667;4000961;4001245;3311;2
4016666;4000805;4004763;1829;1
4016667;1003865;4004763;6966;2
4026668;1000470;4001245;2860;3
4031786;1000751;4005841;3351;1
4031787;1003104;4005841;3434;2
4031788;1003102;4005841;7043;3
4026669;1002553;4001245;5075;4
4006105;1004101;1026095;3880;2
4006107;1808;1026095;3140;3
4006109;1415;1026095;2900;4
4006083;1103;1026094;2320;1
4006085;1004103;1026094;1990;2
4006087;1004101;1026094;3880;3
4006089;1808;1026094;3140;4
4006091;1415;1026094;2900;5
4006093;1414;1026093;3450;1
4018466;1002781;4004021;2408;1
4018467;1000509;4004021;1874;2
4006095;1807;1026093;3140;2
4018468;1003184;4004021;2527;3
4009249;1186;4001721;2663;1
4006097;76;1026093;3880;3
4006099;1004102;1026093;2140;4
4006101;1104;1026093;2355;5
4006103;1004103;1026095;1990;1
4019106;4000041;4005240;792;1
4022446;1003861;4006080;3574;1
1668;1003823;1025835;8000;1
4018469;1002880;4004021;2707;4
4031789;1002922;4005841;2708;4
4031806;1002921;4005840;2519;1
4031807;1003101;4005840;5403;2
4031808;1003103;4005840;4235;3
4031809;1000750;4005840;3875;4
4027893;840;4002923;2080;4
4027966;4002814;4004000;2556;1
4027967;1002861;4004000;1563;2
4010986;4002241;4002961;3450;1
4010987;1004201;4002961;1830;2
4010988;1000476;4002961;3290;3
4010989;1000473;4002961;3270;4
4001843;4000927;4001203;3700;1
4018586;1828;76862;7882;1
4019107;4000045;4005240;5456;2
4022447;1003863;4006080;7341;2
4011146;1000474;4002963;3350;1
4011147;1000475;4002963;3140;2
4027968;1000043;4004000;900;3
4027986;1000045;4004001;946;1
4020466;839;4003360;2438;1
4020467;840;4003360;2202;2
1703;1003701;1025733;9400;1
1704;1003941;1025953;8000;1
1705;1003942;1025954;8000;1
4020468;1003301;4003360;2397;3
4024366;1004208;1026165;423;1
4014012;1000045;1024766;950;1
4014013;1002862;1024766;1460;2
4024367;1000469;1026165;2907;2
4021391;1000920;1024084;1830;1
4011148;1004202;4002963;1830;3
4011149;4002243;4002963;3150;4
4027987;1002862;4004001;1536;2
4014014;1002860;1024766;2240;3
4019966;1186;1024729;2672;1
4019967;1002822;1024729;4757;2
4014015;1000045;4003281;950;1
4014016;1002862;4003281;1460;2
4014017;1002859;1024765;2310;1
4014018;1002861;1024765;1460;2
4019968;1002820;1024729;7966;3
4027988;4002815;4004001;2527;3
1725;1004121;1026096;5838;1
1726;1004122;1026097;5328;1
4014019;1000043;1024765;950;3
4014020;1002861;4003280;1460;1
4014021;1000043;4003280;950;2
4028006;1000931;1024814;2018;1
4020469;1003303;4003360;2713;4
4020470;1001020;4003360;2592;5
4022448;4004194;4006080;4998;3
4022449;4004195;4006081;5348;1
4022450;1003864;4006081;7465;2
4022451;1003862;4006081;3373;3
4028007;1003303;1024814;1991;2
4028008;1000671;1024814;358;3
4028106;4001883;4002363;3272;1
4028126;4001881;4002361;3352;1
4019286;4003694;4005280;9179;1
4019287;4003695;4005281;8328;1
4019828;1480;4005561;2864;1
4019829;1214;4005561;5519;2
4012826;134;4004222;4534;1
4012827;1710;4004222;2617;2
4012828;4000805;4004223;2174;1
4012829;1003865;4004223;3973;2
4023726;931;12461;790;1
4023727;932;12461;9300;2
4023728;933;12462;9300;1
4024368;1003144;1026165;3008;3
4024369;1003142;1026165;2874;4
4023729;934;12462;876;2
4020471;4002475;4003360;2980;6
4020472;842;4003360;1085;7
4020473;1003301;4005040;2590;1
4020474;1003303;4005040;2000;2
4020475;1001020;4005040;2730;3
4020476;1001019;4005041;2689;1
4020477;1003304;4005041;2090;2
4020478;1003302;4005041;2698;3
1794;1004003;1026015;8170;1
1795;1004004;1026016;9250;1
1796;1003782;1025793;15000;1
1797;1003781;1025794;15000;1
1798;1003783;1025795;7419;1
1799;1003784;1025796;7756;1
4024378;1003141;1026164;3121;1
4024379;1003143;1026164;3034;2
1804;1003965;1025975;4542;1
1805;1003966;1025976;4744;1
1806;1003967;1025977;6000;1
1807;1003968;1025978;6000;1
4024380;1000470;1026164;4383;3
4021390;1000919;1024085;2659;1
1817;1004206;1026160;5790;1
1818;1004207;1026161;5790;1
4020513;839;4005720;2450;1
4020514;840;4005720;2550;2
1832;1004210;1026166;7559;1
4020515;1003301;4005720;2590;3
4000365;4000201;4000203;9025;1
4020516;4002494;4005720;2285;4
4020517;1001020;4005720;2730;5
4020518;4002475;4005720;2850;6
4020519;842;4005720;1150;7
4022452;290;4006100;1221;1
4022453;1003863;4006100;7341;2
4022454;4004194;4006100;4703;3
4022455;4004195;4006101;5348;1
4022456;1003864;4006101;7465;2
4022457;288;4006101;1231;3
4022466;4004194;4006140;4703;1
4005441;1003751;1025763;10000;1
4024381;1004209;1026164;207;4
4028086;1003001;1024933;392;1
4028087;1000666;1024933;2513;2
4028088;1003003;1024933;2675;3
4028089;1000498;1024933;2779;4
4026094;837;1024827;2514;1
4026095;1002911;1024827;3704;2
4026096;1002915;1024827;3813;3
4026097;1000820;1024827;1730;4
4026098;1000821;1024828;2003;1
4026099;1002916;1024828;3716;2
4026100;1002912;1024828;3738;3
4026101;840;1024828;1946;4
4028090;1000497;1024934;2682;1
4028091;1003004;1024934;2500;2
4028092;1000665;1024934;2977;3
4028093;1003002;1024934;1514;4
4028366;1001600;1024344;6780;1
4028367;1001599;1024345;7357;1
4028408;1003301;4003347;2697;1
4028409;4002494;4003347;2385;2
4028410;1001020;4003347;2634;3
4028411;4002475;4003347;2595;4
4028412;842;4003347;1404;5
4028413;835;4003702;1692;1
4028414;4002654;4003702;2485;2
4028415;4002655;4003702;2430;3
4028416;4002495;4003702;2098;4
4028417;1003302;4003702;2806;5
4028418;4002654;4005641;3153;1
4028419;4002655;4005641;2434;2
4028420;4002495;4005641;2090;3
4028421;1003302;4005641;2420;4
1919;1004213;1026173;7260;1
4005753;4001605;4002893;1596;2
4028422;837;4005641;2325;5
4028423;4003155;4005641;2890;6
4028546;4005096;4007301;1255;1
4028547;4005097;4007301;4110;2
4018606;1827;76861;8575;1
4021746;950;4005982;1476;1
4021747;4004136;4005982;1196;2
4021748;4004137;4005983;1168;1
4021749;951;4005983;1448;2
4029207;4005375;4007681;10000;1
4029208;4005376;4007682;10000;1
4027528;4005174;4007361;11975;1
4027529;4005175;4007362;11950;1
4007692;1004049;4003382;2289;1
4007693;1004050;4003383;2343;1
4028726;4005194;4007380;3188;1
4016726;4003455;4004880;7832;1
4016727;1001960;4004880;1924;2
4028727;4005195;4007380;3337;2
4028728;4004654;4006600;2272;1
1963;810;12189;6291;1
1964;811;12187;6869;1
4028646;1002554;4001247;5580;1
4028647;1000469;4001247;2963;2
4028648;4000963;4001247;2608;3
4028649;419;4001247;4508;4
4026986;1013;4004920;1385;1
4026987;1021;4004920;3239;2
4028650;4004955;4007081;1304;1
4028651;1004021;4007081;3371;2
4028652;1003867;4007081;5208;3
4028653;1003866;4007080;5629;1
4028654;1004022;4007080;3388;2
4005751;4002203;4002893;3500;1
4022146;1002893;1024817;4219;1
4022147;1002907;1024817;5249;2
4022148;1495;1024817;2953;3
4022149;1000954;1024817;1911;4
4022193;4002656;4003720;5773;1
1983;1004216;1026178;5985;1
1984;1004217;1026179;6478;1
4008073;4001921;4002401;785;1
4008074;1000555;4002401;2380;2
4008075;1002779;4002401;4240;3
4029206;4005374;4007680;10000;1
4026268;1003866;4005020;1730;1
4026269;1004022;4005020;3795;2
4022194;4002655;4003720;2435;2
4017722;1854;1024690;3380;1
4017723;1852;1024690;7606;2
4017724;1480;1024690;2301;3
4028655;4004954;4007080;1065;3
4029386;1002239;4006921;2272;1
4029387;1004203;4006920;2600;1
4011386;4002894;4004140;8000;1
4022195;229;4003720;480;3
4028729;4000923;4001207;2272;1
4029406;1003221;4003740;7378;1
4028826;4005154;4007360;1630;1
4028827;4005155;4007360;1780;2
4029209;4005377;4007683;10000;1
4022206;4003374;4004800;32;1
4026270;1003866;1026033;5629;1
4026271;1004022;1026033;3795;2
4026272;1004021;1026034;3371;1
4026273;1003867;1026034;5208;2
4008095;831;12202;4400;1
4008096;831;1025433;4400;1
4008097;832;12203;4200;1
4008098;832;1025434;4200;1
4012032;4002934;4004262;6620;1
4012033;4002935;4004263;7820;1
4012034;4002936;4004264;5000;1
4012035;4002937;4004265;5000;1
4022150;1000953;1024818;1967;1
4022151;1496;1024818;2891;2
4022152;1002908;1024818;5424;3
4022153;1002894;1024818;4108;4
4022170;1000474;1023218;3253;1
4022171;227;1023218;856;2
4022172;1001020;1023218;2592;3
4022173;1001181;1023218;5511;4
4022186;4002656;4003681;5773;1
4022187;4002655;4003681;2435;2
4022188;229;4003681;480;3
4022189;1000473;4003681;3038;4
4022190;227;1023222;911;1
4022191;1001020;1023222;2592;2
4022192;1001181;1023222;5511;3
4022207;4003434;4004860;32;1
4022208;4003375;4004801;32;1
4022209;4003435;4004861;32;1
4023706;1002174;1023920;20000;1
4029226;1004203;4007620;2634;1
4026988;1492;4004920;4141;3
4029227;4000045;4007620;5306;2
4023949;4004655;4006601;2055;1
4026989;4003494;4004920;1462;4
4026568;4003254;4004681;3351;1
4026569;4003255;4004681;3003;2
4026586;1055;4006880;4476;1
4026587;181;4006880;4086;2
4026990;4003495;4004921;1361;1
4026991;1491;4004921;4133;2
4026992;1020;4004921;2999;3
4026588;4004834;4006880;783;3
4026589;1055;4006860;4476;1
4026590;181;4006860;4869;2
4026993;1012;4004921;1417;4
4026994;1013;4004940;1385;1
4026995;1021;4004940;3239;2
4026996;1492;4004940;4141;3
4026997;4003514;4004940;926;4
4026998;4003515;4004941;850;1
4026999;1491;4004941;4133;2
4027000;1020;4004941;2999;3
4027001;1012;4004941;1417;4
4029407;1003223;4003740;3517;2
4029886;4005454;4007760;6900;1
4030146;4000369;4005401;5316;1
4029888;4005455;4007761;7100;1
4030068;1002882;4007820;4680;1
4029411;1354;4004461;622;1
4029412;1003224;4004461;3385;2
4029413;1003222;4004461;7704;3
4029426;4004678;4006620;7464;1
4029427;4004679;4006621;8501;1
4029446;1414;1024839;3314;1
4029447;1002925;1024839;2455;2
4029448;1002927;1024839;3351;3
4008267;4002557;4003483;178;1
4008268;4002556;4003482;178;1
4029449;1001801;1024839;3772;4
4008608;4002674;4003741;10401;1
4008609;4002675;4003742;10472;1
4029450;1001802;1024840;2002;1
4029451;1002928;1024840;3144;2
4029452;1002926;1024840;2472;3
4029453;1415;1024840;3365;4
4029466;4000371;4006000;4919;1
4029467;4000367;4006000;2933;2
4029468;4000373;4006000;5485;3
4029469;4000363;4006000;4231;4
4029470;4000371;4007520;4907;1
4029471;4000367;4007520;2933;2
4029486;1186;4007021;1600;1
4029487;4002655;4007021;2434;2
4029488;229;4007021;350;3
4029489;1000473;4007021;3270;4
4029526;1002545;1024993;4588;1
4029527;1003041;1024993;5117;2
4029528;1003043;1024993;2378;3
4029529;1000867;1024993;1696;4
4029530;1000868;1024994;1955;1
4029531;1003044;1024994;2177;2
4029532;1003042;1024994;4776;3
4029533;1002546;1024994;4179;4
4030069;1002881;4007821;4680;1
4015346;4003154;4004600;601;1
4015347;840;4004600;2217;2
4015348;4003134;4004600;576;3
4015349;4003135;4004601;642;1
4015350;837;4004601;2325;2
4015351;4003155;4004601;531;3
4024786;4002081;4006820;2843;1
4024787;997;4006820;4632;2
4024788;1000839;4006820;1457;3
4024789;4001685;4006760;1392;1
4024790;998;4006760;4665;2
4015510;4003318;4004744;2005;1
4024791;4002083;4006760;2868;3
4015511;4003319;4004745;1936;1
4019727;4003874;4005501;13461;1
4007206;4002434;4003300;5000;1
4007207;4002435;4003301;5000;1
4019728;4003875;4005502;13461;1
4029966;4004154;4006040;4706;1
4021949;1004056;1026064;1058;1
4001481;4000841;4001041;2107;1
4021950;1004054;1026064;1878;2
4021951;1004052;1026064;2291;3
4021952;1004050;1026064;2648;4
4021953;1004048;1026064;3581;5
4021954;1001820;4005861;1676;1
4021955;1001802;4005861;1902;2
4021956;1004126;4005861;1268;3
4021957;1004124;4005861;4978;4
4021958;288;4005861;1230;5
4021959;1540;4005861;4405;6
4021960;1003722;4005861;2485;7
4028766;4004835;4006881;948;1
4028767;179;4006881;4410;2
4029746;4003054;4004400;966;1
4026046;1664;69709;15270;1
4025990;1000474;4007020;3350;1
4025946;4004894;4007000;5570;1
4026047;4002332;4003118;2869;1
4026066;1010;1024748;1312;1
4029747;1000919;4004400;3320;2
4029986;1001262;4007100;1874;1
4028768;1056;4006881;4005;3
4028786;4002874;4004125;5358;1
4028787;1056;4004125;4005;2
4026067;1491;1024748;3731;2
4022011;1854;1024688;3380;1
4022012;1852;1024688;7438;2
4022013;1480;1024688;2391;3
4022014;1214;1024688;5554;4
4022015;1478;1024688;2112;5
4026068;837;1024748;2325;3
4026069;1001059;1024748;4812;4
4026070;1001060;1024747;3927;1
4026071;840;1024747;2217;2
4026072;1492;1024747;3668;3
4026073;1015;1024747;1398;4
4026074;1663;69711;15500;1
4026075;4002333;4003119;3072;1
4025991;227;4007020;670;2
4025992;1001020;4007020;2730;3
4025993;1004051;4007020;2490;4
4029987;840;4007100;2124;2
4029750;4003054;4006700;966;1
4029751;1000919;4006700;1986;2
4029752;4004734;4006700;1334;3
4028788;179;4006861;5242;1
4028789;1056;4006861;3907;2
4029967;4004155;4006040;8690;2
4029968;4000047;4007621;7532;1
4029969;1002239;4007621;2721;2
4029970;4005054;4007260;4474;1
4029971;4005056;4007260;1482;2
4029972;4005057;4007261;2106;1
4029973;4005055;4007261;3087;2
4026806;1000527;1025554;2450;1
4026807;1003524;1025554;1872;2
4026808;1003522;1025554;2162;3
4026809;1003521;1025553;3677;1
4026810;1003523;1025553;2241;2
4026811;1000526;1025553;2375;3
4029980;1000920;4004401;1255;1
4029981;4003055;4004401;707;2
4029982;4004735;4006701;1406;1
4029983;1000920;4006701;1255;2
4029984;4003055;4006701;707;3
4029988;1415;4007100;3044;3
4029989;4001481;4007100;2819;4
4029990;1000630;4007100;2502;5
4029991;1003365;4007100;3906;6
4015326;4003174;4004620;6000;1
4015327;4003175;4004621;6000;1
4019307;1000400;4005261;1280;1
4027360;1000666;4003921;2905;1
4027361;1003003;4003921;2665;2
4027362;1003004;4003920;2657;1
4027363;1000665;4003920;2977;2
4028686;4005334;4007580;5600;1
4016446;1000474;4004480;3253;1
4016447;161;4004480;1336;2
4030326;4005634;4007940;10500;1
4030327;4005635;4007941;8500;1
4028687;4005335;4007581;5600;1
4029866;1415;4001841;3232;1
4000041;4000001;4000041;8320;1
4000043;4000003;4000043;8320;1
4000045;4000005;4000045;4667;1
4000047;4000007;4000047;5826;1
4000049;4000009;4000049;3834;1
4000051;4000011;4000051;5043;1
4029867;4001481;4001841;2819;2
4030328;4005636;4007942;8600;1
4004483;4002123;4002683;2766;1
4029868;1000630;4001841;2502;3
4029869;1003365;4001841;3906;4
4007786;4002514;4003440;8190;1
4007787;4002515;4003441;7217;1
4029870;1003366;4001843;3906;1
4029871;1000629;4001843;2398;2
4030329;4005637;4007943;6500;1
4029872;4001483;4001843;2829;3
4029873;1003441;4001843;3415;4
4030346;1807;4007926;3140;1
4030366;1808;4007927;3140;1
4030386;1807;4007928;3140;1
4030387;1000664;4007928;2240;2
4022329;134;1025874;3723;1
4006898;1002025;1023770;4306;1
4006899;1002026;1023771;4324;1
4019306;1000401;4005260;1472;1
4030406;1000663;4007929;2240;1
4030407;1808;4007929;3140;2
4030426;4005595;4007921;7300;1
4030446;4005596;4007920;7600;1
4006470;4001441;4001801;6525;1
4006471;586;7331;2553;1
4001407;4000769;4000965;6764;1
4001409;4000771;4000967;1789;1
4006472;1001;12668;11170;1
4006473;118;483;2508;1
4006474;1001172;1022826;8170;1
4006475;4000641;4000761;10948;1
4006476;1398;49508;306;1
4006477;1002;12669;9170;1
4006478;119;484;2633;1
4006479;1027;17333;16061;1
4006480;4001401;4001761;11412;1
4030447;1093;4007922;5000;1
4030466;4005594;4007923;5000;1
4030467;4005597;4007925;1500;1
4030486;4005598;4007924;1500;1
4022330;1003864;1025874;7430;2
4031106;1003181;4004280;1320;1
4031107;1002861;4004280;1585;2
4022326;1003861;1025873;3574;1
4022327;1003863;1025873;7344;2
4022328;1003865;1025873;3613;3
4022331;1003862;1025874;3373;3
4023666;4004395;4006381;11220;1
4023667;4004355;4006341;11220;1
4024146;4004714;4006680;6822;1
4024147;4004715;4006681;6566;1
4023266;4004295;4006321;3900;1
4021503;819;1026104;4709;1
4021504;1004125;1026104;1403;2
4021505;479;1026104;1465;3
4021506;1002184;1026104;3252;4
4021507;1004128;1026104;953;5
4021508;1415;1026104;3249;6
4030668;4004174;4006060;3474;1
4030669;4004175;4006060;4125;2
4031066;4005156;4007363;3986;1
4031067;4005157;4007363;3498;2
4004217;4001963;4002529;8840;1
4004219;4001961;4002531;8760;1
4031108;1000043;4004280;900;3
4031126;1000045;4004281;946;1
4031127;1002862;4004281;1536;2
4010071;1004144;1026114;4773;1
4010072;1004142;1026114;4432;2
4010073;213;1026114;2932;3
4004481;4002121;4002681;3392;1
4010074;207;1026113;3396;1
4010075;1004141;1026113;4354;2
4010076;1004143;1026113;5084;3
4023286;4004294;4006320;3005;1
4022366;290;1025875;1000;1
4022367;1003863;1025875;7400;2
4022368;1003865;1025875;2740;3
4022369;134;1025876;3723;1
4010406;4002775;4003961;3588;1
4010407;4002774;4003960;3605;1
4022370;1003864;1025876;7430;2
4022371;288;1025876;1231;3
4026626;1055;4004124;4476;1
4026627;4002875;4004124;4869;2
4031128;1003182;4004281;1384;3
4022386;4004214;4006120;12222;1
4022387;4004215;4006121;12222;1
4022388;4004216;4006122;12222;1
4022389;4004217;4006123;12222;1
4031386;1003744;4008080;1277;1
4031387;4001481;4008080;2933;2
4031388;1001020;4008080;2730;3
4031326;4005714;4008120;5014;1
4027406;4003994;4005760;4252;1
4027407;4003996;4005760;1006;2
4027408;4003997;4005760;1607;3
4027409;4003995;4005760;2807;4
4027410;4003999;4005781;6874;1
4027411;4003998;4005780;6278;1
4031327;4005715;4008121;4967;1
4031366;1001019;4008100;2730;1
4031367;4001483;4008100;2905;2
4031368;4005694;4008100;1303;3
4018226;4003614;4005100;5000;1
4000203;4000083;4000123;6875;1
4018227;4003615;4005101;5000;1
4009547;1003266;1025214;3500;1
4009548;1003264;1025214;2100;2
4019206;1004057;4003093;2191;1
4005487;1001959;4002721;6267;1
4005489;1001960;4002721;1924;2
4028526;4005314;4007560;1081;1
4022626;1003221;1025179;7378;1
4022627;1003223;1025179;3069;2
4022628;1355;1025179;448;3
4028946;4000365;4003041;2785;1
4028947;4000369;4003041;5325;2
4026006;4003154;4005640;2430;1
4026007;840;4005640;2202;2
4028527;4005315;4007561;945;1
4028966;4005354;4007600;16250;1
4022629;1354;1025180;622;1
4028967;4005355;4007600;15600;2
4022630;1003224;1025180;3385;2
4019207;1004059;4003093;1565;2
4019208;1000687;4003093;2071;3
4009549;1003262;1025214;4500;3
4019209;1000806;4003093;3516;4
4028326;4005094;4007300;2817;1
4028327;4005095;4007300;1437;2
4019210;4002329;4003093;2012;5
4029806;1807;1024823;3019;1
4009550;1003261;1025213;4500;1
4029807;1000664;1024823;2143;2
4019211;1004102;4003093;1813;6
4019212;1104;4003093;2071;7
4021526;4004094;4005940;3788;1
4021527;4004095;4005940;2841;2
4029808;1000661;1024823;1661;3
4029809;1000796;1024823;1186;4
4029810;1003582;4001125;2817;1
4007190;4002414;4003282;2500;1
4029811;1807;4001125;3019;2
4017166;4003554;4004980;20000;1
4017167;4003555;4004981;20000;1
4029812;1000664;4001125;2143;3
4029813;1000661;4001125;1661;4
4029814;1000796;4001125;1186;5
4007191;4002415;4003283;2500;1
4029815;4005036;4007241;2786;1
4029816;4005037;4007241;3751;2
4029931;1001019;4007781;2730;1
4029932;4002495;4007781;1970;2
4029933;1003302;4007781;2590;3
4019227;1103;1024728;1907;1
4019228;1002819;1024728;7555;2
4019229;1002821;1024728;4790;3
4019230;1185;1024728;2595;4
4029934;837;4007781;2100;4
4029935;4003155;4007781;531;5
4029936;1215;4007640;5474;1
4019886;1787;76401;1500;1
4019235;1186;1024727;2672;1
4019236;1002822;1024727;4757;2
4019237;1002820;1024727;8036;3
4019238;1104;1024727;1913;4
4019887;1789;76401;2330;2
4019888;4002915;4004181;1610;1
4020346;1000176;4003827;1690;1
4020347;1000235;4003827;950;2
4020348;1003482;4003827;1560;3
4020349;1000045;4003840;950;1
4020350;1000176;4003840;1690;2
4020351;1000235;4003840;950;3
4020352;1003482;4003840;1560;4
4020406;4003974;4005700;12223;1
4022631;1003222;1025180;7066;3
4029937;1479;4007640;2304;2
4023586;4004394;4006380;11220;1
4029938;1851;4007640;7262;3
4023588;4004354;4006340;11255;1
4029939;1852;4007641;7432;1
4022936;1394;4002281;3168;1
4022937;1002911;4002281;3397;2
4022938;1002913;4002281;3089;3
4022939;1000954;4002281;1869;4
4029940;1480;4007641;2361;2
4029941;1214;4007641;5555;3
4023609;4004554;4006500;25000;1
4023610;4004555;4006501;25000;1
4030706;4005354;4008040;16250;1
4030707;4005355;4008041;15600;1
4026008;1003301;4005640;2397;3
4026009;4002494;4005640;2406;4
4026010;1001020;4005640;2639;5
4026011;4002475;4005640;2854;6
4031826;1003001;4008060;1320;1
4009551;1003263;1025213;1900;2
4009552;1003265;1025213;3830;3
4009578;1002892;4001603;1810;1
4009579;4001243;4001603;1603;2
4009580;4001241;4001601;1814;1
4009581;1002891;4001601;2130;2
4023406;4004454;4006420;8760;1
4015386;4003194;4004640;1;1
4019606;4003734;4005380;8170;1
4030185;1148;4007862;2630;1
4019607;4003735;4005381;8170;1
4019608;4003834;4005460;9550;1
4019609;4003774;4005403;10481;1
4030186;1004136;4007862;3120;2
4030187;1004135;4007862;1790;3
4030188;1000833;4007862;2090;4
4030189;1003722;4007862;2070;5
4023466;4004474;4006440;16982;1
4024226;1790;4003822;2000;1
4023506;4004534;4006480;9025;1
4024626;4002085;4002641;5059;1
4024627;4002045;4002607;4960;1
4025026;4002245;4002965;4267;1
4025027;1000664;4002965;2147;2
4024686;4002081;4002643;2843;1
4024687;997;4002643;4632;2
4024688;998;4002645;4665;1
4024227;1003481;4003822;1590;2
4024228;1000234;4003822;946;3
4024229;1000175;4003822;1575;4
4009626;1003484;1025478;2630;1
4009627;1003482;1025478;1560;2
4009628;1003484;1025476;2620;1
4027626;1540;64583;3050;1
4027646;4005114;4007320;1320;1
4021366;4004114;4005943;10003;1
4021367;4004115;4005942;10535;1
4015866;839;4003340;2438;1
4015867;840;4003340;2202;2
4009629;1003482;1025476;1685;2
4009630;1789;1025476;2234;3
4009631;1003481;1025477;1560;1
4009632;1003483;1025477;2420;2
4009633;1003481;1025493;1587;1
4009634;1003483;1025493;2486;2
4009635;1000043;1025493;900;3
4024230;1000176;4003823;1690;1
4024211;1790;4003820;1910;1
4024212;1003481;4003820;1560;2
4009639;1790;1025473;1910;1
4009640;1003481;1025473;1560;2
4009641;1003483;1025473;2420;3
4009642;1000043;1025473;950;4
4009643;1000045;1025494;946;1
4009644;1003484;1025494;2620;2
4009645;1003482;1025494;1722;3
4019614;4003815;4005441;20430;1
4019611;4000371;4005400;4921;1
4019613;4003814;4005440;20430;1
4015868;1003301;4003340;2397;3
4015869;4002494;4003340;2713;4
4015870;1001020;4003340;2592;5
4015871;4002475;4003340;2852;6
4027647;4005115;4007320;4426;2
4019615;4003794;4005420;12396;1
4019616;4003795;4005421;12396;1
4020628;4004016;4005801;7365;1
4024213;1000234;4003820;920;3
4024214;1000175;4003820;1510;4
4024215;1000043;4003820;950;5
4024231;1000235;4003823;950;2
4020629;4004017;4005801;7217;2
4024232;1003482;4003823;1560;3
4024233;1789;4003823;2280;4
4024689;4002083;4002645;2868;2
4025028;1000612;4002965;1417;3
4025029;1000611;4002967;1279;1
4025030;1000663;4002967;2166;2
4020198;4003936;4005620;7902;1
4020199;4003937;4005621;7902;1
4025031;4002247;4002967;4074;3
4025195;4001521;4001881;1657;1
4000401;1000176;1025605;1690;1
4000403;1000235;1025605;950;2
4025196;1540;4001881;3050;2
4000407;1003481;1025595;1560;1
4025189;1539;4001883;3050;1
4025190;4001523;4001883;1999;2
4009683;1003481;4003826;1560;1
4000417;1790;1025593;1910;1
4000419;1003481;1025593;1560;2
4025191;1531;1023406;3559;1
4025192;1001681;1023406;2468;2
4000425;1000234;1025604;920;1
4000427;1000175;1025604;1510;2
4000429;1003482;1025596;1560;1
4025193;1540;1023406;3112;3
4000433;1003482;1025594;1560;1
4000435;1789;1025594;2280;2
4009684;1000234;4003826;920;2
4025194;1539;64582;3050;1
4009685;1000175;4003826;1510;3
4016015;1000474;1025453;3253;1
4016016;227;1025453;856;2
4016017;1001020;1025453;2604;3
4002453;4001287;4001645;8800;1
4002455;4001285;4001647;8800;1
